"","SiteYear","stationcode","objectid","sampleid","sampledate","samplemonth","sampleday","sampleyear","collectionmethodcode","fieldreplicate","databasecode","count","number_of_mmi_iterations","number_of_oe_iterations","pcnt_ambiguous_individuals","pcnt_ambiguous_taxa","e","mean_o","oovere","oovere_percentile","mmi","mmi_percentile","csci","csci_percentile","scoredate","scorenotes","cleaned","rand","processed_by","record_origin","origin_lastupdatedate","record_publish","globalid","created_user","created_date","last_edited_user","last_edited_date","login_email","login_agency","login_owner","login_year","login_project","masterid","Year"
"1","102PS0331_2017","102PS0331",8,"102PS0331_07112017_BMI_RWB_1",2017-07-11,7,11,2017,"BMI_RWB",1,NA,585,20,20,7.35042735,13.25301205,13.31477154,16.8,1.26175653,0.92,1.08208981,0.68,1.17192317,0.86,2019-11-18 07:19:43,"Distinct set to NA","Yes",2,"machine","SWAMP",2019-11-18 07:19:43,"false","{00000000-0000-0000-0000-000000000000}",NA,NA,NA,NA,NA,NA,NA,NA,NA,"102PS0331",2017
"2","103WER029_2017","103WER029",31,"103WER029_06202017_BMI_RWB_1",2017-06-20,6,20,2017,"BMI_RWB",1,NA,492,1,1,30.08130081,11.76470588,24.02083891,20,0.83261039,0.19,1.08624289,0.68,0.95942664,0.4,2019-11-18 07:19:43,"Distinct set to NA","Yes",2,"machine","SWAMP",2019-11-18 07:19:43,"false","{00000000-0000-0000-0000-000000000000}",NA,NA,NA,NA,NA,NA,NA,NA,NA,"103WER029",2017
"3","105NC0459_2017","105NC0459",97,"105NC0459_07122017_BMI_RWB_1",2017-07-12,7,12,2017,"BMI_RWB",1,NA,439,1,20,7.51708428,9.83606557,12.10685797,12,0.99117377,0.48,1.03375259,0.57,1.01246318,0.53,2019-11-18 07:19:43,"Distinct set to NA","Yes",2,"machine","SWAMP",2019-11-18 07:19:43,"false","{00000000-0000-0000-0000-000000000000}",NA,NA,NA,NA,NA,NA,NA,NA,NA,"105NC0459",2017
"4","105PS0540_2016","105PS0540",131,"105PS0540_06142016_BMI_RWB_1",2016-06-14,6,14,2016,"BMI_RWB",1,NA,1120,20,20,10.89285714,8.75,17.74236647,16.7,0.94124986,0.38,1.01027104,0.52,0.97576045,0.44,2019-11-18 07:19:43,"Distinct set to NA","Yes",2,"machine","SWAMP",2019-11-18 07:19:43,"false","{00000000-0000-0000-0000-000000000000}",NA,NA,NA,NA,NA,NA,NA,NA,NA,"105PS0540",2016
"5","106NC0023_2016","106NC0023",230,"106NC0023_09132016_BMI_RWB_1",2016-09-13,9,13,2016,"BMI_RWB",1,NA,621,20,20,3.8647343,3.03030303,13.2757696,15.75,1.1863719,0.84,0.87586844,0.24,1.03112017,0.58,2019-11-18 07:19:43,"Distinct set to NA","Yes",2,"machine","SWAMP",2019-11-18 07:19:43,"false","{00000000-0000-0000-0000-000000000000}",NA,NA,NA,NA,NA,NA,NA,NA,NA,"106NC0023",2016
"6","106PS0307_2016","106PS0307",246,"106PS0307_06162016_BMI_RWB_1",2016-06-16,6,16,2016,"BMI_RWB",1,NA,116,1,1,6.89655172,10.34482759,16.6278366,12,0.72168138,0.07,0.85914386,0.22,0.79041262,0.1,2019-11-18 07:19:43,"Distinct set to NA","Yes",2,"machine","SWAMP",2019-11-18 07:19:43,"false","{00000000-0000-0000-0000-000000000000}",NA,NA,NA,NA,NA,NA,NA,NA,NA,"106PS0307",2016
"7","106PS0334_2017","106PS0334",247,"106PS0334_06222017_BMI_RWB_1",2017-06-22,6,22,2017,"BMI_RWB",1,NA,552,20,20,0.36231884,3.22580645,18.34488213,22.7,1.23740234,0.89,1.19879761,0.87,1.21809997,0.91,2019-11-18 07:19:43,"Distinct set to NA","Yes",2,"machine","SWAMP",2019-11-18 07:19:43,"false","{00000000-0000-0000-0000-000000000000}",NA,NA,NA,NA,NA,NA,NA,NA,NA,"106PS0334",2017
"9","110NC0390_2017","110NC0390",355,"110NC0390_07182017_BMI_RWB_1",2017-07-18,7,18,2017,"BMI_RWB",1,NA,293,1,1,0,0,18.80330519,9,0.47863926,0,0.25270498,0,0.36567212,0,2019-11-18 07:19:43,"Distinct set to NA","Yes",2,"machine","SWAMP",2019-11-18 07:19:43,"false","{00000000-0000-0000-0000-000000000000}",NA,NA,NA,NA,NA,NA,NA,NA,NA,"110NC0390",2017
"10","111BVCMFE_2016","111BVCMFE",366,"111BVCMFE_06022016_BMI_RWB_1",2016-06-02,6,2,2016,"BMI_RWB",1,NA,606,20,20,3.30033003,9.21052632,19.35158409,19.3,0.99733437,0.49,1.00370021,0.51,1.00051729,0.5,2019-11-18 07:19:43,"Distinct set to NA","Yes",2,"machine","SWAMP",2019-11-18 07:19:43,"false","{00000000-0000-0000-0000-000000000000}",NA,NA,NA,NA,NA,NA,NA,NA,NA,"111BVCMFE",2016
"11","111NC0351_2016","111NC0351",400,"111NC0351_08302016_BMI_RWB_1",2016-08-30,8,30,2016,"BMI_RWB",1,NA,599,20,20,2.50417362,2.56410256,16.02883683,19.55,1.21967677,0.88,0.94576772,0.38,1.08272225,0.7,2019-11-18 07:19:43,"Distinct set to NA","Yes",2,"machine","SWAMP",2019-11-18 07:19:43,"false","{00000000-0000-0000-0000-000000000000}",NA,NA,NA,NA,NA,NA,NA,NA,NA,"111NC0351",2016
"12","112NC0349_2016","112NC0349",517,"112NC0349_08312016_BMI_RWB_1",2016-08-31,8,31,2016,"BMI_RWB",1,NA,618,20,20,12.70358306,13.88888889,22.27311332,23.15,1.03936974,0.58,0.99252497,0.48,1.01594736,0.54,2019-11-18 07:19:43,"Distinct set to NA","Yes",2,"machine","SWAMP",2019-11-18 07:19:43,"false","{00000000-0000-0000-0000-000000000000}",NA,NA,NA,NA,NA,NA,NA,NA,NA,"112NC0349",2016
"13","113NC0028_2016","113NC0028",616,"113NC0028_08232016_BMI_RWB_1",2016-08-23,8,23,2016,"BMI_RWB",1,NA,583,20,20,0,0,13.93063887,13.85,0.9942114,0.49,0.6276793,0.02,0.81094535,0.12,2019-11-18 07:19:43,"Distinct set to NA","Yes",2,"machine","SWAMP",2019-11-18 07:19:43,"false","{00000000-0000-0000-0000-000000000000}",NA,NA,NA,NA,NA,NA,NA,NA,NA,"113NC0028",2016
"14","113NC0204_2017","113NC0204",617,"113NC0204_06272017_BMI_RWB_1",2017-06-27,6,27,2017,"BMI_RWB",1,NA,636,20,20,12.10691824,16,13.2848169,13.8,1.03877984,0.58,1.04796798,0.61,1.04337391,0.61,2019-11-18 07:19:43,"Distinct set to NA","Yes",2,"machine","SWAMP",2019-11-18 07:19:43,"false","{00000000-0000-0000-0000-000000000000}",NA,NA,NA,NA,NA,NA,NA,NA,NA,"113NC0204",2017
"15","113NC0388_2016","113NC0388",618,"113NC0388_08292016_BMI_RWB_1",2016-08-29,8,29,2016,"BMI_RWB",1,NA,593,20,20,2.19224283,3.17460317,17.916761,20.35,1.13580797,0.76,1.21483902,0.88,1.1753235,0.86,2019-11-18 07:19:43,"Distinct set to NA","Yes",2,"machine","SWAMP",2019-11-18 07:19:43,"false","{00000000-0000-0000-0000-000000000000}",NA,NA,NA,NA,NA,NA,NA,NA,NA,"113NC0388",2016
"16","113NC0396_2017","113NC0396",619,"113NC0396_06282017_BMI_RWB_1",2017-06-28,6,28,2017,"BMI_RWB",1,NA,617,20,20,19.28687196,10.44776119,12.46441736,12.6,1.01087758,0.52,1.10499874,0.72,1.05793816,0.64,2019-11-18 07:19:43,"Distinct set to NA","Yes",2,"machine","SWAMP",2019-11-18 07:19:43,"false","{00000000-0000-0000-0000-000000000000}",NA,NA,NA,NA,NA,NA,NA,NA,NA,"113NC0396",2017
"17","114PS0344_2017","114PS0344",706,"114PS0344_06132017_BMI_RWB_1",2017-06-13,6,13,2017,"BMI_RWB",1,NA,691,20,20,6.51230101,9.72222222,12.70604057,14.45,1.13725436,0.76,0.92277269,0.33,1.03001352,0.57,2019-11-18 07:19:43,"Distinct set to NA","Yes",2,"machine","SWAMP",2019-11-18 07:19:43,"false","{00000000-0000-0000-0000-000000000000}",NA,NA,NA,NA,NA,NA,NA,NA,NA,"114PS0344",2017
"18","201LAG140_2016","201LAG140",733,"201LAG140_06092016_BMI_RWB_1",2016-06-09,6,9,2016,"BMI_RWB",1,NA,549,20,20,6.01092896,3.63636364,13.49167042,13.4,0.99320541,0.49,0.81913813,0.16,0.90617177,0.28,2019-11-18 07:19:43,"Distinct set to NA","Yes",2,"machine","SWAMP",2019-11-18 07:19:43,"false","{00000000-0000-0000-0000-000000000000}",NA,NA,NA,NA,NA,NA,NA,NA,NA,"201LAG140",2016
"19","201LAG165_2016","201LAG165",741,"201LAG165_06142016_BMI_RWB_1",2016-06-14,6,14,2016,"BMI_RWB",1,NA,588,20,20,1.02040816,4.34782609,13.53167239,13.9,1.02721967,0.56,0.97506914,0.44,1.0011444,0.5,2019-11-18 07:19:43,"Distinct set to NA","Yes",2,"machine","SWAMP",2019-11-18 07:19:43,"false","{00000000-0000-0000-0000-000000000000}",NA,NA,NA,NA,NA,NA,NA,NA,NA,"201LAG165",2016
"20","201LAG335_2016","201LAG335",763,"201LAG335_06132016_BMI_RWB_1",2016-06-13,6,13,2016,"BMI_RWB",1,NA,574,20,20,1.23022847,2.08333333,16.14009514,14.3,0.8859923,0.27,1.03434885,0.58,0.96017057,0.4,2019-11-18 07:19:43,"Distinct set to NA","Yes",2,"machine","SWAMP",2019-11-18 07:19:43,"false","{00000000-0000-0000-0000-000000000000}",NA,NA,NA,NA,NA,NA,NA,NA,NA,"201LAG335",2016
"21","202BUT600_2017","202BUT600",838,"202BUT600_06142017_BMI_RWB_1",2017-06-14,6,14,2017,"BMI_RWB",1,NA,293,1,1,0,0,16.39964758,19,1.15856148,0.8,1.02098664,0.55,1.08977406,0.71,2019-11-18 07:19:43,"Distinct set to NA","Yes",2,"machine","SWAMP",2019-11-18 07:19:43,"false","{00000000-0000-0000-0000-000000000000}",NA,NA,NA,NA,NA,NA,NA,NA,NA,"202BUT600",2017
"22","204PS0378_2017","204PS0378",965,"204PS0378_06082017_BMI_RWB_1",2017-06-08,6,8,2017,"BMI_RWB",1,NA,586,20,20,3.75426621,10.81081081,10.32370909,12.4,1.2011187,0.85,0.88652879,0.26,1.04382375,0.61,2019-11-18 07:19:43,"Distinct set to NA","Yes",2,"machine","SWAMP",2019-11-18 07:19:43,"false","{00000000-0000-0000-0000-000000000000}",NA,NA,NA,NA,NA,NA,NA,NA,NA,"204PS0378",2017
"23","205CYCAHH_2017","205CYCAHH",1015,"205CYCAHH_06122017_BMI_RWB_1",2017-06-12,6,12,2017,"BMI_RWB",1,NA,607,20,20,2.97029703,9.21052632,9.72146254,11.85,1.21895239,0.88,0.88765649,0.27,1.05330444,0.63,2019-11-18 07:19:43,"Distinct set to NA","Yes",2,"machine","SWAMP",2019-11-18 07:19:43,"false","{00000000-0000-0000-0000-000000000000}",NA,NA,NA,NA,NA,NA,NA,NA,NA,"205CYCAHH",2017
"24","205PS0365_2017","205PS0365",1047,"205PS0365_06062017_BMI_RWB_2",2017-06-06,6,6,2017,"BMI_RWB",2,NA,585,20,20,4.1025641,6.38297872,10.08044469,8,0.79361578,0.14,0.427824,0,0.61071989,0.01,2019-11-18 07:19:43,"Distinct set to NA","Yes",2,"machine","SWAMP",2019-11-18 07:19:43,"false","{00000000-0000-0000-0000-000000000000}",NA,NA,NA,NA,NA,NA,NA,NA,NA,"205PS0365",2017
"25","205PS0365_2017","205PS0365",1046,"205PS0365_06062017_BMI_RWB_1",2017-06-06,6,6,2017,"BMI_RWB",1,NA,626,20,20,5.2715655,1.75438596,10.08044469,8.65,0.85809706,0.23,0.45718598,0,0.65764152,0.02,2019-11-18 07:19:43,"Distinct set to NA","Yes",2,"machine","SWAMP",2019-11-18 07:19:43,"false","{00000000-0000-0000-0000-000000000000}",NA,NA,NA,NA,NA,NA,NA,NA,NA,"205PS0365",2017
"26","309CAW126_2017","309CAW126",1464,"309CAW126_05302017_BMI_RWB_1",2017-05-30,5,30,2017,"BMI_RWB",1,NA,363,1,1,0.55096419,2.27272727,16.81077887,13,0.77331337,0.12,0.80230968,0.13,0.78781152,0.09,2019-11-18 07:19:43,"Distinct set to NA","Yes",2,"machine","SWAMP",2019-11-18 07:19:43,"false","{00000000-0000-0000-0000-000000000000}",NA,NA,NA,NA,NA,NA,NA,NA,NA,"309CAW126",2017
"27","309CAW174_2017","309CAW174",1473,"309CAW174_06012017_BMI_RWB_1",2017-06-01,6,1,2017,"BMI_RWB",1,NA,594,20,20,2.86195286,13.79310345,5.41911184,4.75,0.8765274,0.26,0.73960883,0.07,0.80806811,0.12,2019-11-18 07:19:43,"Distinct set to NA","Yes",2,"machine","SWAMP",2019-11-18 07:19:43,"false","{00000000-0000-0000-0000-000000000000}",NA,NA,NA,NA,NA,NA,NA,NA,NA,"309CAW174",2017
"28","309PS0370_2017","309PS0370",1516,"309PS0370_06132017_BMI_RWB_MCM_1",2017-06-13,6,13,2017,"BMI_RWB_MCM",1,NA,577,20,20,0.34662045,2.7027027,9.73633531,5,0.51354024,0.01,0.53858408,0,0.52606216,0,2019-11-18 07:19:43,"Distinct set to NA","Yes",2,"machine","SWAMP",2019-11-18 07:19:43,"false","{00000000-0000-0000-0000-000000000000}",NA,NA,NA,NA,NA,NA,NA,NA,NA,"309PS0370",2017
"29","309SLCAAS_2016","309SLCAAS",1546,"309SLCAAS_05162016_BMI_RWB_1",2016-05-16,5,16,2016,"BMI_RWB",1,NA,1150,20,20,1.39130435,10.34482759,11.37289514,5.9,0.51877731,0.01,0.56571657,0.01,0.54224694,0,2019-11-18 07:19:43,"Distinct set to NA","Yes",2,"machine","SWAMP",2019-11-18 07:19:43,"false","{00000000-0000-0000-0000-000000000000}",NA,NA,NA,NA,NA,NA,NA,NA,NA,"309SLCAAS",2016
"30","312MZCDBC_2016","312MZCDBC",1642,"312MZCDBC_05172016_BMI_RWB_1",2016-05-17,5,17,2016,"BMI_RWB",1,NA,1200,20,20,6.7114094,15.25423729,11.92179024,9.75,0.81783019,0.17,0.6917908,0.04,0.75481049,0.06,2019-11-18 07:19:43,"Distinct set to NA","Yes",2,"machine","SWAMP",2019-11-18 07:19:43,"false","{00000000-0000-0000-0000-000000000000}",NA,NA,NA,NA,NA,NA,NA,NA,NA,"312MZCDBC",2016
"32","312NPPCBR_2016","312NPPCBR",1644,"312NPPCBR_05172016_BMI_RWB_1",2016-05-17,5,17,2016,"BMI_RWB",1,NA,334,1,1,2.99401198,7.31707317,9.50935287,6,0.63095776,0.03,0.4967154,0,0.56383658,0,2019-11-18 07:19:43,"Distinct set to NA","Yes",2,"machine","SWAMP",2019-11-18 07:19:43,"false","{00000000-0000-0000-0000-000000000000}",NA,NA,NA,NA,NA,NA,NA,NA,NA,"312NPPCBR",2016
"33","403BA0136_2016","403BA0136",1786,"403BA0136_05252016_BMI_RWB_2",2016-05-25,5,25,2016,"BMI_RWB",2,NA,555,20,20,1.62162162,4.87804878,9.53764831,8.8,0.92265931,0.34,1.093529,0.7,1.00809416,0.52,2019-11-18 07:19:43,"Distinct set to NA","Yes",2,"machine","SWAMP",2019-11-18 07:19:43,"false","{00000000-0000-0000-0000-000000000000}",NA,NA,NA,NA,NA,NA,NA,NA,NA,"403BA0136",2016
"34","403BA0136_2016","403BA0136",1785,"403BA0136_05252016_BMI_RWB_1",2016-05-25,5,25,2016,"BMI_RWB",1,NA,139,1,1,11.51079137,6.66666667,9.53764831,4,0.41939059,0,0.89184229,0.27,0.65561644,0.02,2019-11-18 07:19:43,"Distinct set to NA","Yes",2,"machine","SWAMP",2019-11-18 07:19:43,"false","{00000000-0000-0000-0000-000000000000}",NA,NA,NA,NA,NA,NA,NA,NA,NA,"403BA0136",2016
"35","403M05780_2016","403M05780",1820,"403M05780_06262016_BMI_RWB_1",2016-06-26,6,26,2016,"BMI_RWB",1,NA,377,1,1,1.59151194,9.09090909,9.00305505,10,1.11073407,0.72,0.6122925,0.02,0.86151329,0.19,2019-11-18 07:19:43,"Distinct set to NA","Yes",2,"machine","SMC",2019-11-18 07:19:43,"true","{00000000-0000-0000-0000-000000000000}",NA,NA,NA,NA,NA,NA,NA,NA,NA,"403M05780",2016
"36","403STC064_2016","403STC064",1925,"403STC064_05182016_BMI_RWB_1",2016-05-18,5,18,2016,"BMI_RWB",1,NA,1154,20,20,7.10571924,13.43283582,14.77690635,9.45,0.6395114,0.03,0.62121302,0.02,0.63036221,0.01,2019-11-18 07:19:43,"Distinct set to NA","Yes",2,"machine","SWAMP",2019-11-18 07:19:43,"false","{00000000-0000-0000-0000-000000000000}",NA,NA,NA,NA,NA,NA,NA,NA,NA,"403STC064",2016
"37","403WE0534_2016","403WE0534",1955,"403WE0534_05232016_BMI_RWB_1",2016-05-23,5,23,2016,"BMI_RWB",1,NA,592,20,20,0.84459459,4,7.7524719,9,1.16092004,0.8,0.71140243,0.05,0.93616124,0.35,2019-11-18 07:19:43,"Distinct set to NA","Yes",2,"machine","SWAMP",2019-11-18 07:19:43,"false","{00000000-0000-0000-0000-000000000000}",NA,NA,NA,NA,NA,NA,NA,NA,NA,"403WE0534",2016
"38","403WE0535_2016","403WE0535",1960,"403WE0535_05242016_BMI_RWB_1",2016-05-24,5,24,2016,"BMI_RWB",1,NA,585,20,20,1.36752137,5.26315789,7.82569061,8,1.02227399,0.55,0.67246893,0.03,0.84737146,0.17,2019-11-18 07:19:43,"Distinct set to NA","Yes",2,"machine","SWAMP",2019-11-18 07:19:43,"false","{00000000-0000-0000-0000-000000000000}",NA,NA,NA,NA,NA,NA,NA,NA,NA,"403WE0535",2016
"39","403WE0682_2016","403WE0682",1979,"403WE0682_05252016_BMI_RWB_1",2016-05-25,5,25,2016,"BMI_RWB",1,NA,582,20,20,2.57731959,10.86956522,9.55412055,9.3,0.97340199,0.44,0.78646633,0.12,0.87993416,0.23,2019-11-18 07:19:43,"Distinct set to NA","Yes",2,"machine","SWAMP",2019-11-18 07:19:43,"false","{00000000-0000-0000-0000-000000000000}",NA,NA,NA,NA,NA,NA,NA,NA,NA,"403WE0682",2016
"40","403WE1027_2016","403WE1027",2007,"403WE1027_05122016_BMI_RWB_1",2016-05-12,5,12,2016,"BMI_RWB",1,NA,1184,20,20,0.50933786,10,8.48048397,7.1,0.83721637,0.2,0.61548684,0.02,0.7263516,0.04,2019-11-18 07:19:43,"Distinct set to NA","Yes",2,"machine","SWAMP",2019-11-18 07:19:43,"false","{00000000-0000-0000-0000-000000000000}",NA,NA,NA,NA,NA,NA,NA,NA,NA,"403WE1027",2016
"41","404M07357_2016","404M07357",2044,"404M07357_06132016_BMI_RWB_1",2016-06-13,6,13,2016,"BMI_RWB",1,NA,347,1,1,2.3054755,14.28571429,8.32615051,6,0.72062113,0.07,0.84283028,0.19,0.78172571,0.09,2019-11-18 07:19:43,"Distinct set to NA","Yes",2,"machine","SMC",2019-11-18 07:19:43,"true","{00000000-0000-0000-0000-000000000000}",NA,NA,NA,NA,NA,NA,NA,NA,NA,"404M07357",2016
"42","404M07358_2016","404M07358",2045,"404M07358_06162016_BMI_RWB_1",2016-06-16,6,16,2016,"BMI_RWB",1,NA,674,20,20,0,0,7.53041795,3.6,0.47806112,0,0.25437033,0,0.36621572,0,2019-11-18 07:19:43,"Distinct set to NA","Yes",2,"machine","SMC",2019-11-18 07:19:43,"true","{00000000-0000-0000-0000-000000000000}",NA,NA,NA,NA,NA,NA,NA,NA,NA,"404M07358",2016
"43","404R4S056_2016","404R4S056",2050,"404R4S056_05042016_BMI_RWB_1",2016-05-04,5,4,2016,"BMI_RWB",1,NA,517,20,20,0.96711799,2.27272727,7.55191415,6,0.79450056,0.14,0.78787748,0.12,0.79118902,0.1,2019-11-18 07:19:43,"Distinct set to NA","Yes",2,"machine","SWAMP",2019-11-18 07:19:43,"false","{00000000-0000-0000-0000-000000000000}",NA,NA,NA,NA,NA,NA,NA,NA,NA,"404R4S056",2016
"44","405BRCASG_2016","405BRCASG",2128,"405BRCASG_05112016_BMI_RWB_1",2016-05-11,5,11,2016,"BMI_RWB",1,NA,1182,20,20,9.98307953,14.49275362,11.33804613,14.5,1.27887996,0.93,1.12296383,0.75,1.2009219,0.89,2019-11-18 07:19:43,"Distinct set to NA","Yes",2,"machine","SWAMP",2019-11-18 07:19:43,"false","{00000000-0000-0000-0000-000000000000}",NA,NA,NA,NA,NA,NA,NA,NA,NA,"405BRCASG",2016
"45","405BRCASG_2017","405BRCASG",2129,"405BRCASG_05252017_BMI_RWB_1",2017-05-25,5,25,2017,"BMI_RWB",1,NA,516,20,20,0.19455253,2,11.33804613,10.7,0.94372521,0.38,1.11134237,0.73,1.02753379,0.57,2019-11-18 07:19:43,"Distinct set to NA","Yes",2,"machine","SWAMP",2019-11-18 07:19:43,"false","{00000000-0000-0000-0000-000000000000}",NA,NA,NA,NA,NA,NA,NA,NA,NA,"405BRCASG",2017
"46","412S04204_2016","412S04204",2276,"412S04204_05112016_BMI_RWB_1",2016-05-11,5,11,2016,"BMI_RWB",1,NA,1170,20,20,2.22222222,9.52380952,6.57979223,6.95,1.05626436,0.62,0.923153,0.33,0.98970868,0.47,2019-11-18 07:19:43,"Distinct set to NA","Yes",2,"machine","SWAMP",2019-11-18 07:19:43,"false","{00000000-0000-0000-0000-000000000000}",NA,NA,NA,NA,NA,NA,NA,NA,NA,"412S04204",2016
"47","507BTC269_2017","507BTC269",2355,"507BTC269_09052017_BMI_RWB_1",2017-09-05,9,5,2017,"BMI_RWB",1,NA,636,20,20,10.53459119,11.9047619,14.54095548,15.3,1.05220046,0.61,1.0747627,0.66,1.06348158,0.65,2019-11-18 07:19:43,"Distinct set to NA","Yes",2,"machine","SWAMP",2019-11-18 07:19:43,"false","{00000000-0000-0000-0000-000000000000}",NA,NA,NA,NA,NA,NA,NA,NA,NA,"507BTC269",2017
"48","507PS0181_2017","507PS0181",2375,"507PS0181_06132017_BMI_RWB_1",2017-06-13,6,13,2017,"BMI_RWB",1,NA,587,20,20,6.9846678,9.80392157,17.69608105,14.1,0.79678659,0.14,0.96627815,0.43,0.88153237,0.23,2019-11-18 07:19:43,"Distinct set to NA","Yes",2,"machine","SWAMP",2019-11-18 07:19:43,"false","{00000000-0000-0000-0000-000000000000}",NA,NA,NA,NA,NA,NA,NA,NA,NA,"507PS0181",2017
"49","507WS0693_2017","507WS0693",2395,"507WS0693_08092017_BMI_RWB_1",2017-08-09,8,9,2017,"BMI_RWB",1,NA,184,1,1,7.06521739,13.63636364,17.22282822,10,0.58062473,0.01,0.98399098,0.46,0.78230785,0.09,2019-11-18 07:19:43,"Distinct set to NA","Yes",2,"machine","SWAMP",2019-11-18 07:19:43,"false","{00000000-0000-0000-0000-000000000000}",NA,NA,NA,NA,NA,NA,NA,NA,NA,"507WS0693",2017
"51","509WS0405_2016","509WS0405",2470,"509WS0405_09072016_BMI_RWB_1",2016-09-07,9,7,2016,"BMI_RWB",1,NA,696,20,20,21.6954023,5,15.01701767,11.95,0.79576386,0.14,0.79838196,0.13,0.79707291,0.1,2019-11-18 07:19:43,"Distinct set to NA","Yes",2,"machine","SWAMP",2019-11-18 07:19:43,"false","{00000000-0000-0000-0000-000000000000}",NA,NA,NA,NA,NA,NA,NA,NA,NA,"509WS0405",2016
"52","514ALCANC_2016","514ALCANC",2513,"514ALCANC_06302016_BMI_RWB_1",2016-06-30,6,30,2016,"BMI_RWB",1,NA,1188,20,20,6.56565657,10.41666667,15.41804077,18.2,1.18043533,0.83,0.9660946,0.42,1.07326496,0.68,2019-11-18 07:19:43,"Distinct set to NA","Yes",2,"machine","SWAMP",2019-11-18 07:19:43,"false","{00000000-0000-0000-0000-000000000000}",NA,NA,NA,NA,NA,NA,NA,NA,NA,"514ALCANC",2016
"53","514ALCANC_2016","514ALCANC",2514,"514ALCANC_06302016_BMI_RWB_2",2016-06-30,6,30,2016,"BMI_RWB",2,NA,1246,20,20,4.18006431,7.69230769,15.41804077,15.3,0.99234398,0.48,0.83997355,0.19,0.91615877,0.3,2019-11-18 07:19:43,"Distinct set to NA","Yes",2,"machine","SWAMP",2019-11-18 07:19:43,"false","{00000000-0000-0000-0000-000000000000}",NA,NA,NA,NA,NA,NA,NA,NA,NA,"514ALCANC",2016
"54","514PS0162_2016","514PS0162",2562,"514PS0162_08042016_BMI_RWB_1",2016-08-04,8,4,2016,"BMI_RWB",1,NA,1216,20,20,8.88157895,13.68421053,14.6202556,17.6,1.20380932,0.86,1.0726065,0.66,1.13820791,0.81,2019-11-18 07:19:43,"Distinct set to NA","Yes",2,"machine","SWAMP",2019-11-18 07:19:43,"false","{00000000-0000-0000-0000-000000000000}",NA,NA,NA,NA,NA,NA,NA,NA,NA,"514PS0162",2016
"55","514PS0863_2017","514PS0863",2565,"514PS0863_06062017_BMI_RWB_2",2017-06-06,6,6,2017,"BMI_RWB",2,NA,598,20,20,2.24137931,9.80392157,14.53798407,7.2,0.49525436,0,0.47206249,0,0.48365842,0,2019-11-18 07:19:43,"Distinct set to NA","Yes",2,"machine","SWAMP",2019-11-18 07:19:43,"false","{00000000-0000-0000-0000-000000000000}",NA,NA,NA,NA,NA,NA,NA,NA,NA,"514PS0863",2017
"56","514PS0863_2017","514PS0863",2564,"514PS0863_06062017_BMI_RWB_1",2017-06-06,6,6,2017,"BMI_RWB",1,NA,607,20,20,0.98846787,6.25,14.53798407,7.25,0.49869363,0,0.43689858,0,0.4677961,0,2019-11-18 07:19:43,"Distinct set to NA","Yes",2,"machine","SWAMP",2019-11-18 07:19:43,"false","{00000000-0000-0000-0000-000000000000}",NA,NA,NA,NA,NA,NA,NA,NA,NA,"514PS0863",2017
"57","514WS0083_2016","514WS0083",2579,"514WS0083_08152016_BMI_RWB_1",2016-08-15,8,15,2016,"BMI_RWB",1,NA,589,20,20,4.25170068,7.35294118,14.47136402,16.8,1.16091337,0.8,0.89510969,0.28,1.02801153,0.57,2019-11-18 07:19:43,"Distinct set to NA","Yes",2,"machine","SWAMP",2019-11-18 07:19:43,"false","{00000000-0000-0000-0000-000000000000}",NA,NA,NA,NA,NA,NA,NA,NA,NA,"514WS0083",2016
"58","517PLC130_2016","517PLC130",2627,"517PLC130_08082016_BMI_RWB_1",2016-08-08,8,8,2016,"BMI_RWB",1,NA,1170,20,20,0.34188034,1.61290323,18.14005685,16.8,0.9261272,0.35,0.94853647,0.39,0.93733183,0.35,2019-11-18 07:19:43,"Distinct set to NA","Yes",2,"machine","SWAMP",2019-11-18 07:19:43,"false","{00000000-0000-0000-0000-000000000000}",NA,NA,NA,NA,NA,NA,NA,NA,NA,"517PLC130",2016
"59","517PLC130_2016","517PLC130",2628,"517PLC130_08082016_BMI_RWB_2",2016-08-08,8,8,2016,"BMI_RWB",2,NA,1206,20,20,12.10613599,12.82051282,18.14005685,18.9,1.0418931,0.59,1.01665235,0.54,1.02927272,0.57,2019-11-18 07:19:43,"Distinct set to NA","Yes",2,"machine","SWAMP",2019-11-18 07:19:43,"false","{00000000-0000-0000-0000-000000000000}",NA,NA,NA,NA,NA,NA,NA,NA,NA,"517PLC130",2016
"60","517PS0836_2017","517PS0836",2636,"517PS0836_06072017_BMI_RWB_1",2017-06-07,6,7,2017,"BMI_RWB",1,NA,577,20,20,0.34662045,2.17391304,10.91589578,12.05,1.10389475,0.71,0.66840293,0.03,0.88614884,0.24,2019-11-18 07:19:43,"Distinct set to NA","Yes",2,"machine","SWAMP",2019-11-18 07:19:43,"false","{00000000-0000-0000-0000-000000000000}",NA,NA,NA,NA,NA,NA,NA,NA,NA,"517PS0836",2017
"63","518CMC383_2016","518CMC383",2678,"518CMC383_09132016_BMI_RWB_1",2016-09-13,9,13,2016,"BMI_RWB",1,NA,1324,20,20,1.51057402,6.41025641,18.98420551,20.7,1.0903801,0.68,1.24520025,0.91,1.16779018,0.85,2019-11-18 07:19:43,"Distinct set to NA","Yes",2,"machine","SWAMP",2019-11-18 07:19:43,"false","{00000000-0000-0000-0000-000000000000}",NA,NA,NA,NA,NA,NA,NA,NA,NA,"518CMC383",2016
"65","518LCC105_2016","518LCC105",2723,"518LCC105_09122016_BMI_RWB_1",2016-09-12,9,12,2016,"BMI_RWB",1,NA,1156,20,20,2.94117647,5.17241379,13.23230941,14.9,1.12603171,0.75,0.80342869,0.14,0.9647302,0.41,2019-11-18 07:19:43,"Distinct set to NA","Yes",2,"machine","SWAMP",2019-11-18 07:19:43,"false","{00000000-0000-0000-0000-000000000000}",NA,NA,NA,NA,NA,NA,NA,NA,NA,"518LCC105",2016
"69","518SED013_2017","518SED013",2759,"518SED013_08092017_BMI_RWB_1",2017-08-09,8,9,2017,"BMI_RWB",1,NA,593,20,20,2.19224283,1.75438596,12.813028,13.35,1.04190828,0.59,1.18725742,0.85,1.11458285,0.76,2019-11-18 07:19:43,"Distinct set to NA","Yes",2,"machine","SWAMP",2019-11-18 07:19:43,"false","{00000000-0000-0000-0000-000000000000}",NA,NA,NA,NA,NA,NA,NA,NA,NA,"518SED013",2017
"70","518WS0621_2017","518WS0621",2785,"518WS0621_07242017_BMI_RWB_1",2017-07-24,7,24,2017,"BMI_RWB",1,NA,586,20,20,0,0,14.6804102,13.95,0.95024593,0.4,1.19963005,0.87,1.07493799,0.68,2019-11-18 07:19:43,"Distinct set to NA","Yes",2,"machine","SWAMP",2019-11-18 07:19:43,"false","{00000000-0000-0000-0000-000000000000}",NA,NA,NA,NA,NA,NA,NA,NA,NA,"518WS0621",2017
"71","519PS0765_2016","519PS0765",3008,"519PS0765_04132016_BMI_RWB_1",2016-04-13,4,13,2016,"BMI_RWB",1,NA,992,20,20,0.60483871,6.89655172,9.69989654,3,0.30928165,0,0.11497479,0,0.21212822,0,2019-11-18 07:19:43,"Distinct set to NA","Yes",2,"machine","SWAMP",2019-11-18 07:19:43,"false","{00000000-0000-0000-0000-000000000000}",NA,NA,NA,NA,NA,NA,NA,NA,NA,"519PS0765",2016
"72","519PS0790_2016","519PS0790",3009,"519PS0790_04122016_BMI_RWB_1",2016-04-12,4,12,2016,"BMI_RWB",1,NA,1122,20,20,0,0,10.11120609,3,0.29670051,0,0.08015166,0,0.18842609,0,2019-11-18 07:19:43,"Distinct set to NA","Yes",2,"machine","SWAMP",2019-11-18 07:19:43,"false","{00000000-0000-0000-0000-000000000000}",NA,NA,NA,NA,NA,NA,NA,NA,NA,"519PS0790",2016
"73","519PS0817_2016","519PS0817",3010,"519PS0817_04142016_BMI_RWB_1",2016-04-14,4,14,2016,"BMI_RWB",1,NA,1162,20,20,0.34423408,2.94117647,9.08691266,6.85,0.75383139,0.1,0.44620219,0,0.60001679,0.01,2019-11-18 07:19:43,"Distinct set to NA","Yes",2,"machine","SWAMP",2019-11-18 07:19:43,"false","{00000000-0000-0000-0000-000000000000}",NA,NA,NA,NA,NA,NA,NA,NA,NA,"519PS0817",2016
"74","519PS0817_2016","519PS0817",3011,"519PS0817_06082016_BMI_RWB_1",2016-06-08,6,8,2016,"BMI_RWB",1,NA,1188,20,20,2.35690236,10,9.08691266,4.85,0.53373463,0.01,0.4556678,0,0.49470122,0,2019-11-18 07:19:43,"Distinct set to NA","Yes",2,"machine","SWAMP",2019-11-18 07:19:43,"false","{00000000-0000-0000-0000-000000000000}",NA,NA,NA,NA,NA,NA,NA,NA,NA,"519PS0817",2016
"75","519PS0834_2017","519PS0834",3012,"519PS0834_06072017_BMI_RWB_1",2017-06-07,6,7,2017,"BMI_RWB",1,NA,510,20,20,5.69744597,16.21621622,10.18861738,6.8,0.66741146,0.04,0.37009185,0,0.51875166,0,2019-11-18 07:19:43,"Distinct set to NA","Yes",2,"machine","SWAMP",2019-11-18 07:19:43,"false","{00000000-0000-0000-0000-000000000000}",NA,NA,NA,NA,NA,NA,NA,NA,NA,"519PS0834",2017
"76","519PS0834_2017","519PS0834",3013,"519PS0834_07252017_BMI_RWB_1",2017-07-25,7,25,2017,"BMI_RWB",1,NA,543,20,20,0.73664825,12.5,10.18861738,4.95,0.48583628,0,0.39245352,0,0.4391449,0,2019-11-18 07:19:43,"Distinct set to NA","Yes",2,"machine","SWAMP",2019-11-18 07:19:43,"false","{00000000-0000-0000-0000-000000000000}",NA,NA,NA,NA,NA,NA,NA,NA,NA,"519PS0834",2017
"77","519PS0838_2017","519PS0838",3014,"519PS0838_06012017_BMI_RWB_1",2017-06-01,6,1,2017,"BMI_RWB",1,NA,594,20,20,0.33670034,3.125,10.06442965,4.2,0.41731128,0,0.15734174,0,0.28732651,0,2019-11-18 07:19:43,"Distinct set to NA","Yes",2,"machine","SWAMP",2019-11-18 07:19:43,"false","{00000000-0000-0000-0000-000000000000}",NA,NA,NA,NA,NA,NA,NA,NA,NA,"519PS0838",2017
"78","519PS0897_2017","519PS0897",3015,"519PS0897_06052017_BMI_RWB_1",2017-06-05,6,5,2017,"BMI_RWB",1,NA,57,1,1,0,0,9.68397073,2,0.20652685,0,0.12643409,0,0.16648047,0,2019-11-18 07:19:43,"Distinct set to NA","Yes",2,"machine","SWAMP",2019-11-18 07:19:43,"false","{00000000-0000-0000-0000-000000000000}",NA,NA,NA,NA,NA,NA,NA,NA,NA,"519PS0897",2017
"79","520PS0846_2017","520PS0846",3053,"520PS0846_05232017_BMI_RWB_1",2017-05-23,5,23,2017,"BMI_RWB",1,NA,551,20,20,4.35571688,7.69230769,10.37842245,6,0.57812255,0.01,0.30090155,0,0.43951205,0,2019-11-18 07:19:43,"Distinct set to NA","Yes",2,"machine","SWAMP",2019-11-18 07:19:43,"false","{00000000-0000-0000-0000-000000000000}",NA,NA,NA,NA,NA,NA,NA,NA,NA,"520PS0846",2017
"80","521PS0161_2016","521PS0161",3075,"521PS0161_09062016_BMI_RWB_1",2016-09-06,9,6,2016,"BMI_RWB",1,NA,1158,20,20,0.69084629,4.61538462,17.08423618,16.35,0.95702259,0.41,0.76329537,0.09,0.86015898,0.19,2019-11-18 07:19:43,"Distinct set to NA","Yes",2,"machine","SWAMP",2019-11-18 07:19:43,"false","{00000000-0000-0000-0000-000000000000}",NA,NA,NA,NA,NA,NA,NA,NA,NA,"521PS0161",2016
"81","523PS0803_2017","523PS0803",3100,"523PS0803_06122017_BMI_RWB_1",2017-06-12,6,12,2017,"BMI_RWB",1,NA,600,20,20,8.83333333,9.80392157,10.32371819,10.5,1.01707542,0.54,0.92024664,0.33,0.96866103,0.42,2019-11-18 07:19:43,"Distinct set to NA","Yes",2,"machine","SWAMP",2019-11-18 07:19:43,"false","{00000000-0000-0000-0000-000000000000}",NA,NA,NA,NA,NA,NA,NA,NA,NA,"523PS0803",2017
"82","525NC0510_2017","525NC0510",3116,"525NC0510_06282017_BMI_RWB_1",2017-06-28,6,28,2017,"BMI_RWB",1,NA,598,20,20,10.70234114,7.69230769,18.13577055,21.8,1.20204432,0.86,1.18312742,0.85,1.19258587,0.89,2019-11-18 07:19:43,"Distinct set to NA","Yes",2,"machine","SWAMP",2019-11-18 07:19:43,"false","{00000000-0000-0000-0000-000000000000}",NA,NA,NA,NA,NA,NA,NA,NA,NA,"525NC0510",2017
"83","525NC0638_2017","525NC0638",3117,"525NC0638_06272017_BMI_RWB_1",2017-06-27,6,27,2017,"BMI_RWB",1,NA,579,20,20,12.97577855,11.11111111,19.25887307,21.3,1.10598372,0.71,0.93464279,0.36,1.02031325,0.55,2019-11-18 07:19:43,"Distinct set to NA","Yes",2,"machine","SWAMP",2019-11-18 07:19:43,"false","{00000000-0000-0000-0000-000000000000}",NA,NA,NA,NA,NA,NA,NA,NA,NA,"525NC0638",2017
"84","526ESCAMC_2017","526ESCAMC",3146,"526ESCAMC_08012017_BMI_RWB_1",2017-08-01,8,1,2017,"BMI_RWB",1,NA,595,20,20,4.20168067,3.7037037,14.09308337,15.3,1.08563893,0.67,1.26626313,0.93,1.17595103,0.86,2019-11-18 07:19:43,"Distinct set to NA","Yes",2,"machine","SWAMP",2019-11-18 07:19:43,"false","{00000000-0000-0000-0000-000000000000}",NA,NA,NA,NA,NA,NA,NA,NA,NA,"526ESCAMC",2017
"85","526OT0508_2017","526OT0508",3152,"526OT0508_07172017_BMI_RWB_1",2017-07-17,7,17,2017,"BMI_RWB",1,NA,595,20,20,5.88235294,8.57142857,16.57759693,17,1.02548036,0.55,1.01989795,0.54,1.02268915,0.56,2019-11-18 07:19:43,"Distinct set to NA","Yes",2,"machine","SWAMP",2019-11-18 07:19:43,"false","{00000000-0000-0000-0000-000000000000}",NA,NA,NA,NA,NA,NA,NA,NA,NA,"526OT0508",2017
"86","526PS1724_2016","526PS1724",3183,"526PS1724_06272016_BMI_RWB_1",2016-06-27,6,27,2016,"BMI_RWB",1,NA,1122,20,20,6.23885918,8.57142857,11.1968177,9.8,0.87524869,0.26,0.84406782,0.19,0.85965825,0.19,2019-11-18 07:19:43,"Distinct set to NA","Yes",2,"machine","SWAMP",2019-11-18 07:19:43,"false","{00000000-0000-0000-0000-000000000000}",NA,NA,NA,NA,NA,NA,NA,NA,NA,"526PS1724",2016
"87","526PS1868_2016","526PS1868",3184,"526PS1868_07122016_BMI_RWB_1",2016-07-12,7,12,2016,"BMI_RWB",1,NA,1200,20,20,11.16666667,8.95522388,14.4067296,13.3,0.92317968,0.34,1.05834381,0.63,0.99076174,0.48,2019-11-18 07:19:43,"Distinct set to NA","Yes",2,"machine","SWAMP",2019-11-18 07:19:43,"false","{00000000-0000-0000-0000-000000000000}",NA,NA,NA,NA,NA,NA,NA,NA,NA,"526PS1868",2016
"89","532WS0419_2017","532WS0419",3271,"532WS0419_08152017_BMI_RWB_1",2017-08-15,8,15,2017,"BMI_RWB",1,NA,615,20,20,16.74796748,10.9375,14.17604274,14,0.98758167,0.47,0.93133361,0.35,0.95945764,0.4,2019-11-18 07:19:43,"Distinct set to NA","Yes",2,"machine","SWAMP",2019-11-18 07:19:43,"false","{00000000-0000-0000-0000-000000000000}",NA,NA,NA,NA,NA,NA,NA,NA,NA,"532WS0419",2017
"90","534SED001_2017","534SED001",3299,"534SED001_07252017_BMI_RWB_2",2017-07-25,7,25,2017,"BMI_RWB",2,NA,209,1,1,0,0,16.3827564,16,0.97663663,0.45,1.13340127,0.77,1.05501895,0.63,2019-11-18 07:19:43,"Distinct set to NA","Yes",2,"machine","SWAMP",2019-11-18 07:19:43,"false","{00000000-0000-0000-0000-000000000000}",NA,NA,NA,NA,NA,NA,NA,NA,NA,"534SED001",2017
"91","534SED001_2017","534SED001",3298,"534SED001_07252017_BMI_RWB_1",2017-07-25,7,25,2017,"BMI_RWB",1,NA,205,1,1,7.31707317,15.68627451,16.3827564,14,0.85455705,0.22,0.93606058,0.36,0.89530881,0.26,2019-11-18 07:19:43,"Distinct set to NA","Yes",2,"machine","SWAMP",2019-11-18 07:19:43,"false","{00000000-0000-0000-0000-000000000000}",NA,NA,NA,NA,NA,NA,NA,NA,NA,"534SED001",2017
"93","536RCCACR_2017","536RCCACR",3354,"536RCCACR_07262017_BMI_RWB_1",2017-07-26,7,26,2017,"BMI_RWB",1,NA,270,1,1,1.11111111,6.12244898,14.83031502,11,0.74172396,0.09,0.64497906,0.02,0.69335151,0.03,2019-11-18 07:19:43,"Distinct set to NA","Yes",2,"machine","SWAMP",2019-11-18 07:19:43,"false","{00000000-0000-0000-0000-000000000000}",NA,NA,NA,NA,NA,NA,NA,NA,NA,"536RCCACR",2017
"94","536SED006_2016","536SED006",3355,"536SED006_08082016_BMI_RWB_1",2016-08-08,8,8,2016,"BMI_RWB",1,NA,1212,20,20,1.32013201,5,21.21838256,21.85,1.02976746,0.56,0.95032829,0.39,0.99004788,0.48,2019-11-18 07:19:43,"Distinct set to NA","Yes",2,"machine","SWAMP",2019-11-18 07:19:43,"false","{00000000-0000-0000-0000-000000000000}",NA,NA,NA,NA,NA,NA,NA,NA,NA,"536SED006",2016
"95","540DTC352_2016","540DTC352",3422,"540DTC352_08092016_BMI_RWB_1",2016-08-09,8,9,2016,"BMI_RWB",1,NA,1222,20,20,4.90998363,8.82352941,18.41760504,17.05,0.92574469,0.35,0.90326871,0.29,0.9145067,0.3,2019-11-18 07:19:43,"Distinct set to NA","Yes",2,"machine","SWAMP",2019-11-18 07:19:43,"false","{00000000-0000-0000-0000-000000000000}",NA,NA,NA,NA,NA,NA,NA,NA,NA,"540DTC352",2016
"96","540KSR052_2016","540KSR052",3424,"540KSR052_08092016_BMI_RWB_1",2016-08-09,8,9,2016,"BMI_RWB",1,NA,1152,20,20,9.54861111,7.89473684,15.69552513,18.3,1.16593742,0.81,1.14964385,0.8,1.15779063,0.84,2019-11-18 07:19:43,"Distinct set to NA","Yes",2,"machine","SWAMP",2019-11-18 07:19:43,"false","{00000000-0000-0000-0000-000000000000}",NA,NA,NA,NA,NA,NA,NA,NA,NA,"540KSR052",2016
"97","540SJS336_2016","540SJS336",3452,"540SJS336_08102016_BMI_RWB_1",2016-08-10,8,10,2016,"BMI_RWB",1,NA,1282,20,20,0.7800312,5.63380282,12.72431044,13.1,1.02952534,0.56,0.91452725,0.32,0.97202629,0.43,2019-11-18 07:19:43,"Distinct set to NA","Yes",2,"machine","SWAMP",2019-11-18 07:19:43,"false","{00000000-0000-0000-0000-000000000000}",NA,NA,NA,NA,NA,NA,NA,NA,NA,"540SJS336",2016
"98","554NMCCVD_2016","554NMCCVD",3680,"554NMCCVD_10012016_BMI_RWB_1",2016-10-01,10,1,2016,"BMI_RWB",1,NA,583,20,20,0,0,11.98371312,9.7,0.80943193,0.16,0.65576069,0.03,0.73259631,0.05,2019-11-18 07:19:43,"Distinct set to NA","Yes",2,"machine","SWAMP",2019-11-18 07:19:43,"false","{00000000-0000-0000-0000-000000000000}",NA,NA,NA,NA,NA,NA,NA,NA,NA,"554NMCCVD",2016
"99","554NMCCVM_2016","554NMCCVM",3681,"554NMCCVM_10012016_BMI_RWB_1",2016-10-01,10,1,2016,"BMI_RWB",1,NA,584,20,20,2.56849315,2.27272727,11.92832867,9.8,0.82157361,0.17,0.79176312,0.12,0.80666836,0.11,2019-11-18 07:19:43,"Distinct set to NA","Yes",2,"machine","SWAMP",2019-11-18 07:19:43,"false","{00000000-0000-0000-0000-000000000000}",NA,NA,NA,NA,NA,NA,NA,NA,NA,"554NMCCVM",2016
"100","634MKCBLG_2016","634MKCBLG",4178,"634MKCBLG_08182016_BMI_RWB_1",2016-08-18,8,18,2016,"BMI_RWB",1,NA,1186,20,20,14.16526138,7.27272727,13.34650354,11.75,0.88038039,0.26,1.07030493,0.65,0.97534266,0.44,2019-11-18 07:19:43,"Distinct set to NA","Yes",2,"machine","SWAMP",2019-11-18 07:19:43,"false","{00000000-0000-0000-0000-000000000000}",NA,NA,NA,NA,NA,NA,NA,NA,NA,"634MKCBLG",2016
"101","635PCNA89_2016","635PCNA89",4276,"635PCNA89_08162016_BMI_RWB_1",2016-08-16,8,16,2016,"BMI_RWB",1,NA,1196,20,20,2.67558528,9.375,17.88308347,16.3,0.91147592,0.32,0.92331486,0.33,0.91739539,0.3,2019-11-18 07:19:43,"Distinct set to NA","Yes",2,"machine","SWAMP",2019-11-18 07:19:43,"false","{00000000-0000-0000-0000-000000000000}",NA,NA,NA,NA,NA,NA,NA,NA,NA,"635PCNA89",2016
"102","635PS0194_2016","635PS0194",4288,"635PS0194_09082016_BMI_RWB_1",2016-09-08,9,8,2016,"BMI_RWB",1,NA,1194,20,20,7.70519263,9.21052632,12.90334281,14.8,1.1469896,0.78,0.78837584,0.12,0.96768272,0.42,2019-11-18 07:19:43,"Distinct set to NA","Yes",2,"machine","SWAMP",2019-11-18 07:19:43,"false","{00000000-0000-0000-0000-000000000000}",NA,NA,NA,NA,NA,NA,NA,NA,NA,"635PS0194",2016
"103","719NP7AZC_2017","719NP7AZC",4366,"719NP7AZC_05162017_BMI_RWB_1",2017-05-16,5,16,2017,"BMI_RWB",1,NA,1196,20,20,2.34899329,9.67741935,6.78261705,5.9,0.86987072,0.25,0.67853726,0.04,0.77420399,0.08,2019-11-18 07:19:43,"Distinct set to NA","Yes",2,"machine","SWAMP",2019-11-18 07:19:43,"false","{00000000-0000-0000-0000-000000000000}",NA,NA,NA,NA,NA,NA,NA,NA,NA,"719NP7AZC",2017
"104","719NP7BNC_2017","719NP7BNC",4370,"719NP7BNC_05162017_BMI_RWB_1",2017-05-16,5,16,2017,"BMI_RWB",1,NA,602,20,20,1.99667221,9.09090909,6.64182802,7.4,1.1141511,0.73,0.81480889,0.15,0.96448,0.41,2019-11-18 07:19:43,"Distinct set to NA","Yes",2,"machine","SWAMP",2019-11-18 07:19:43,"false","{00000000-0000-0000-0000-000000000000}",NA,NA,NA,NA,NA,NA,NA,NA,NA,"719NP7BNC",2017
"105","719NP7TWP_2017","719NP7TWP",4377,"719NP7TWP_05172017_BMI_RWB_1",2017-05-17,5,17,2017,"BMI_RWB",1,NA,567,20,20,1.58730159,10.63829787,6.67338924,7,1.04894226,0.6,0.98285531,0.46,1.01589878,0.54,2019-11-18 07:19:43,"Distinct set to NA","Yes",2,"machine","SWAMP",2019-11-18 07:19:43,"false","{00000000-0000-0000-0000-000000000000}",NA,NA,NA,NA,NA,NA,NA,NA,NA,"719NP7TWP",2017
"106","801CYC398_2016","801CYC398",4431,"801CYC398_06092016_BMI_RWB_1",2016-06-09,6,9,2016,"BMI_RWB",1,NA,587,20,20,3.23679727,11.11111111,8.32975417,8.95,1.07446148,0.65,1.0111387,0.52,1.04280009,0.61,2019-11-18 07:19:43,"Distinct set to NA","Yes",2,"machine","SWAMP",2019-11-18 07:19:43,"true","{00000000-0000-0000-0000-000000000000}",NA,NA,NA,NA,NA,NA,NA,NA,NA,"801CYC398",2016
"107","801M12641_2016","801M12641",4464,"801M12641_05192016_BMI_RWB_MCM_2",2016-05-19,5,19,2016,"BMI_RWB_MCM",2,NA,605,20,20,0,0,7.0108976,3.95,0.5634086,0.01,0.24352925,0,0.40346892,0,2019-11-18 07:19:43,"Distinct set to NA","Yes",2,"machine","SMC",2019-11-18 07:19:43,"true","{00000000-0000-0000-0000-000000000000}",NA,NA,NA,NA,NA,NA,NA,NA,NA,"801M12641",2016
"108","801M12641_2016","801M12641",4463,"801M12641_05192016_BMI_RWB_MCM_1",2016-05-19,5,19,2016,"BMI_RWB_MCM",1,NA,633,20,20,0,0,7.0108976,3,0.42790527,0,0.30881075,0,0.36835801,0,2019-11-18 07:19:43,"Distinct set to NA","Yes",2,"machine","SMC",2019-11-18 07:19:43,"true","{00000000-0000-0000-0000-000000000000}",NA,NA,NA,NA,NA,NA,NA,NA,NA,"801M12641",2016
"109","801M15378_2016","801M15378",4471,"801M15378_06162016_BMI_RWB_1",2016-06-16,6,16,2016,"BMI_RWB",1,NA,598,20,20,1.50501672,2.7027027,5.09964645,6.85,1.34323037,0.96,0.85375104,0.21,1.09849071,0.73,2019-11-18 07:19:43,"Distinct set to NA","Yes",2,"machine","SWAMP",2019-11-18 07:19:43,"false","{00000000-0000-0000-0000-000000000000}",NA,NA,NA,NA,NA,NA,NA,NA,NA,"801M15378",2016
"110","801M15414_2016","801M15414",4472,"801M15414_06152016_BMI_RWB_1",2016-06-15,6,15,2016,"BMI_RWB",1,NA,642,20,20,4.04984424,8.69565217,6.53843175,7.4,1.13176986,0.76,1.07698309,0.67,1.10437647,0.74,2019-11-18 07:19:43,"Distinct set to NA","Yes",2,"machine","SWAMP",2019-11-18 07:19:43,"false","{00000000-0000-0000-0000-000000000000}",NA,NA,NA,NA,NA,NA,NA,NA,NA,"801M15414",2016
"111","801M15424_2016","801M15424",4474,"801M15424_06142016_BMI_RWB_2",2016-06-14,6,14,2016,"BMI_RWB",2,NA,591,20,20,0,0,8.89223611,6.25,0.70286033,0.06,0.49226246,0,0.59756139,0.01,2019-11-18 07:19:43,"Distinct set to NA","Yes",2,"machine","SWAMP",2019-11-18 07:19:43,"false","{00000000-0000-0000-0000-000000000000}",NA,NA,NA,NA,NA,NA,NA,NA,NA,"801M15424",2016
"112","801M15424_2016","801M15424",4473,"801M15424_06142016_BMI_RWB_1",2016-06-14,6,14,2016,"BMI_RWB",1,NA,605,20,20,0,0,8.89223611,5,0.56228826,0.01,0.44556399,0,0.50392613,0,2019-11-18 07:19:43,"Distinct set to NA","Yes",2,"machine","SWAMP",2019-11-18 07:19:43,"false","{00000000-0000-0000-0000-000000000000}",NA,NA,NA,NA,NA,NA,NA,NA,NA,"801M15424",2016
"113","801M16908_2016","801M16908",4478,"801M16908_05242016_BMI_RWB_1",2016-05-24,5,24,2016,"BMI_RWB",1,NA,595,20,20,0.84033613,12.12121212,8.91629198,8.6,0.96452651,0.43,0.60096636,0.01,0.78274644,0.09,2019-11-18 07:19:43,"Distinct set to NA","Yes",2,"machine","SMC",2019-11-18 07:19:43,"true","{00000000-0000-0000-0000-000000000000}",NA,NA,NA,NA,NA,NA,NA,NA,NA,"801M16908",2016
"114","801M16916_2016","801M16916",4479,"801M16916_05242016_BMI_RWB_1",2016-05-24,5,24,2016,"BMI_RWB",1,NA,267,1,1,1.49812734,9.375,8.91908141,8,0.89695336,0.29,0.56955452,0.01,0.73325394,0.05,2019-11-18 07:19:43,"Distinct set to NA","Yes",2,"machine","SMC",2019-11-18 07:19:43,"true","{00000000-0000-0000-0000-000000000000}",NA,NA,NA,NA,NA,NA,NA,NA,NA,"801M16916",2016
"115","801RB8598_2016","801RB8598",4588,"801RB8598_06142016_BMI_RWB_1",2016-06-14,6,14,2016,"BMI_RWB",1,NA,604,20,20,0.16556291,7.14285714,8.18227062,2,0.24443093,0,0.3431538,0,0.29379236,0,2019-11-18 07:19:43,"Distinct set to NA","Yes",2,"machine","SWAMP",2019-11-18 07:19:43,"true","{00000000-0000-0000-0000-000000000000}",NA,NA,NA,NA,NA,NA,NA,NA,NA,"801RB8598",2016
"116","801S03488_2017","801S03488",4609,"801S03488_05242017_BMI_RWB_1",2017-05-24,5,24,2017,"BMI_RWB",1,NA,625,20,20,4.64,10,12.59763037,13.05,1.0359091,0.57,1.07903348,0.67,1.05747129,0.64,2019-11-18 07:19:43,"Distinct set to NA","Yes",2,"machine","SWAMP",2019-11-18 07:19:43,"false","{00000000-0000-0000-0000-000000000000}",NA,NA,NA,NA,NA,NA,NA,NA,NA,"801S03488",2017
"117","801SAMI1x_2017","801SAMI1x",4628,"801SAMI1x_05232017_BMI_RWB_1",2017-05-23,5,23,2017,"BMI_RWB",1,NA,616,20,20,12.82467532,9.09090909,6.62168045,5.65,0.85325773,0.22,0.84082029,0.19,0.84703901,0.17,2019-11-18 07:19:43,"Distinct set to NA","Yes",2,"machine","SWAMP",2019-11-18 07:19:43,"false","{00000000-0000-0000-0000-000000000000}",NA,NA,NA,NA,NA,NA,NA,NA,NA,"801SAMI1x",2017
"118","801SARBFC_2016","801SARBFC",4643,"801SARBFC_05102016_BMI_RWB_MCM_1",2016-05-10,5,10,2016,"BMI_RWB_MCM",1,NA,1246,20,20,24.07704655,12.19512195,9.9688531,9.85,0.98807755,0.48,0.97917401,0.45,0.98362578,0.46,2019-11-18 07:19:43,"Distinct set to NA","Yes",2,"machine","SWAMP",2019-11-18 07:19:43,"false","{00000000-0000-0000-0000-000000000000}",NA,NA,NA,NA,NA,NA,NA,NA,NA,"801SARBFC",2016
"121","801WE1008_2016","801WE1008",4699,"801WE1008_06292016_BMI_RWB_1",2016-06-29,6,29,2016,"BMI_RWB",1,NA,585,20,20,1.88034188,12.24489796,15.53408279,13.9,0.89480661,0.29,0.7446729,0.08,0.81973976,0.13,2019-11-18 07:19:43,"Distinct set to NA","Yes",2,"machine","SWAMP",2019-11-18 07:19:43,"false","{00000000-0000-0000-0000-000000000000}",NA,NA,NA,NA,NA,NA,NA,NA,NA,"801WE1008",2016
"122","901NP9BWR_2016","901NP9BWR",4814,"901NP9BWR_04012016_BMI_RWB_1",2016-04-01,4,1,2016,"BMI_RWB",1,NA,571,20,20,2.10157618,10.25641026,6.50933015,7,1.07537947,0.65,0.75085809,0.08,0.91311878,0.29,2019-11-18 07:19:43,"Distinct set to NA","Yes",2,"machine","SWAMP",2019-11-18 07:19:43,"true","{00000000-0000-0000-0000-000000000000}",NA,NA,NA,NA,NA,NA,NA,NA,NA,"901NP9BWR",2016
"123","901NP9FLC_2016","901NP9FLC",4817,"901NP9FLC_04212016_BMI_RWB_1",2016-04-21,4,21,2016,"BMI_RWB",1,NA,584,20,20,3.42465753,13.04347826,6.42135974,6,0.93438154,0.37,0.80849506,0.14,0.8714383,0.21,2019-11-18 07:19:43,"Distinct set to NA","Yes",2,"machine","SWAMP",2019-11-18 07:19:43,"true","{00000000-0000-0000-0000-000000000000}",NA,NA,NA,NA,NA,NA,NA,NA,NA,"901NP9FLC",2016
"124","901NP9FLC_2017","901NP9FLC",4820,"901NP9FLC_05102017_BMI_RWB_1",2017-05-10,5,10,2017,"BMI_RWB",1,NA,643,20,20,4.82115086,12.6984127,6.42135974,6.95,1.08232528,0.67,0.8761377,0.24,0.97923149,0.45,2019-11-18 07:19:43,"Distinct set to NA","Yes",2,"machine","SWAMP",2019-11-18 07:19:43,"false","{00000000-0000-0000-0000-000000000000}",NA,NA,NA,NA,NA,NA,NA,NA,NA,"901NP9FLC",2017
"125","901NP9HJC_2016","901NP9HJC",4821,"901NP9HJC_04182016_BMI_RWB_1",2016-04-18,4,18,2016,"BMI_RWB",1,NA,589,20,20,0.34013605,4.25531915,6.43205321,7,1.08829945,0.68,0.84908293,0.2,0.96869119,0.42,2019-11-18 07:19:43,"Distinct set to NA","Yes",2,"machine","SWAMP",2019-11-18 07:19:43,"true","{00000000-0000-0000-0000-000000000000}",NA,NA,NA,NA,NA,NA,NA,NA,NA,"901NP9HJC",2016
"126","901S00469_2017","901S00469",4827,"901S00469_05092017_BMI_RWB_1",2017-05-09,5,9,2017,"BMI_RWB",1,NA,580,20,20,0.34482759,4,6.49525601,8,1.23166816,0.89,0.96592399,0.42,1.09879607,0.73,2019-11-18 07:19:43,"Distinct set to NA","Yes",2,"machine","SWAMP",2019-11-18 07:19:43,"false","{00000000-0000-0000-0000-000000000000}",NA,NA,NA,NA,NA,NA,NA,NA,NA,"901S00469",2017
"127","902M20173_2016","902M20173",4897,"902M20173_06072016_BMI_RWB_1",2016-06-07,6,7,2016,"BMI_RWB",1,NA,623,20,20,0,0,7.06609186,3.4,0.48117121,0,0.35961202,0,0.42039162,0,2019-11-18 07:19:43,"Distinct set to NA","Yes",2,"machine","SMC",2019-11-18 07:19:43,"true","{00000000-0000-0000-0000-000000000000}",NA,NA,NA,NA,NA,NA,NA,NA,NA,"902M20173",2016
"128","902WE0888_2016","902WE0888",4987,"902WE0888_06062016_BMI_RWB_1",2016-06-06,6,6,2016,"BMI_RWB",1,NA,634,20,20,3.47003155,10.90909091,7.60869739,9.7,1.27485685,0.93,0.99937251,0.5,1.13711468,0.8,2019-11-18 07:19:43,"Distinct set to NA","Yes",2,"machine","SMC",2019-11-18 07:19:43,"true","{00000000-0000-0000-0000-000000000000}",NA,NA,NA,NA,NA,NA,NA,NA,NA,"902WE0888",2016
"129","903ACPCT1_2016","903ACPCT1",4995,"903ACPCT1_05052016_BMI_RWB_1",2016-05-05,5,5,2016,"BMI_RWB",1,NA,576,20,20,1.5625,6.66666667,6.23307465,6.95,1.11501954,0.73,0.70682859,0.05,0.91092407,0.29,2019-11-18 07:19:43,"Distinct set to NA","Yes",2,"machine","SWAMP",2019-11-18 07:19:43,"true","{00000000-0000-0000-0000-000000000000}",NA,NA,NA,NA,NA,NA,NA,NA,NA,"903ACPCT1",2016
"130","903ACPCT1_2017","903ACPCT1",4994,"903ACPCT1_05032017_BMI_RWB_1",2017-05-03,5,3,2017,"BMI_RWB",1,NA,633,20,20,1.26382306,8,6.23307465,7.95,1.275454,0.93,0.82337464,0.16,1.04941432,0.62,2019-11-18 07:19:43,"Distinct set to NA","Yes",2,"machine","SWAMP",2019-11-18 07:19:43,"false","{00000000-0000-0000-0000-000000000000}",NA,NA,NA,NA,NA,NA,NA,NA,NA,"903ACPCT1",2017
"131","903NP9LWF_2016","903NP9LWF",5031,"903NP9LWF_05182016_BMI_RWB_1",2016-05-18,5,18,2016,"BMI_RWB",1,NA,603,20,20,0.33167496,3.22580645,6.21706202,6.6,1.06159468,0.63,0.68598297,0.04,0.87378883,0.22,2019-11-18 07:19:43,"Distinct set to NA","Yes",2,"machine","SWAMP",2019-11-18 07:19:43,"true","{00000000-0000-0000-0000-000000000000}",NA,NA,NA,NA,NA,NA,NA,NA,NA,"903NP9LWF",2016
"132","903NP9PRC_2016","903NP9PRC",5032,"903NP9PRC_04202016_BMI_RWB_1",2016-04-20,4,20,2016,"BMI_RWB",1,NA,588,20,20,2.72108844,11.11111111,6.18760825,6,0.96968001,0.44,0.7865489,0.12,0.87811445,0.22,2019-11-18 07:19:43,"Distinct set to NA","Yes",2,"machine","SWAMP",2019-11-18 07:19:43,"true","{00000000-0000-0000-0000-000000000000}",NA,NA,NA,NA,NA,NA,NA,NA,NA,"903NP9PRC",2016
"133","903NP9SLR_2016","903NP9SLR",5034,"903NP9SLR_03222016_BMI_RWB_1",2016-03-22,3,22,2016,"BMI_RWB",1,NA,544,20,20,0,0,6.4063196,5.7,0.88974643,0.28,0.37683622,0,0.63329133,0.01,2019-11-18 07:19:43,"Distinct set to NA","Yes",2,"machine","SWAMP",2019-11-18 07:19:43,"true","{00000000-0000-0000-0000-000000000000}",NA,NA,NA,NA,NA,NA,NA,NA,NA,"903NP9SLR",2016
"134","903NP9UAC_2016","903NP9UAC",5039,"903NP9UAC_05042016_BMI_RWB_1",2016-05-04,5,4,2016,"BMI_RWB",1,NA,565,20,20,0.88495575,3.33333333,6.46973309,7.6,1.1747007,0.82,1.06476684,0.64,1.11973377,0.77,2019-11-18 07:19:43,"Distinct set to NA","Yes",2,"machine","SWAMP",2019-11-18 07:19:43,"true","{00000000-0000-0000-0000-000000000000}",NA,NA,NA,NA,NA,NA,NA,NA,NA,"903NP9UAC",2016
"135","903SLFRCx_2017","903SLFRCx",5042,"903SLFRCx_05032017_BMI_RWB_1",2017-05-03,5,3,2017,"BMI_RWB",1,NA,595,20,20,1.00840336,17.64705882,6.46635194,5.6,0.86602153,0.24,0.5159868,0,0.69100417,0.03,2019-11-18 07:19:43,"Distinct set to NA","Yes",2,"machine","SWAMP",2019-11-18 07:19:43,"false","{00000000-0000-0000-0000-000000000000}",NA,NA,NA,NA,NA,NA,NA,NA,NA,"903SLFRCx",2017
"136","903WE0798_2016","903WE0798",5093,"903WE0798_05042016_BMI_RWB_1",2016-05-04,5,4,2016,"BMI_RWB",1,NA,583,20,20,1.37221269,5.55555556,6.48152646,6.55,1.01056442,0.52,0.77545445,0.1,0.89300943,0.25,2019-11-18 07:19:43,"Distinct set to NA","Yes",2,"machine","SWAMP",2019-11-18 07:19:43,"true","{00000000-0000-0000-0000-000000000000}",NA,NA,NA,NA,NA,NA,NA,NA,NA,"903WE0798",2016
"137","903WE0900_2016","903WE0900",5099,"903WE0900_05042016_BMI_RWB_1",2016-05-04,5,4,2016,"BMI_RWB",1,NA,553,20,20,1.98915009,8.10810811,6.4833361,8,1.23393264,0.89,0.82614786,0.17,1.03004025,0.57,2019-11-18 07:19:43,"Distinct set to NA","Yes",2,"machine","SWAMP",2019-11-18 07:19:43,"true","{00000000-0000-0000-0000-000000000000}",NA,NA,NA,NA,NA,NA,NA,NA,NA,"903WE0900",2016
"138","905SDBDN9_2016","905SDBDN9",5246,"905SDBDN9_03292016_BMI_RWB_1",2016-03-29,3,29,2016,"BMI_RWB",1,NA,595,20,20,1.8487395,8.88888889,6.78222186,6.3,0.92889913,0.35,0.63729614,0.02,0.78309764,0.09,2019-11-18 07:19:43,"Distinct set to NA","Yes",2,"machine","SWAMP",2019-11-18 07:19:43,"true","{00000000-0000-0000-0000-000000000000}",NA,NA,NA,NA,NA,NA,NA,NA,NA,"905SDBDN9",2016
"139","905SDBDN9_2017","905SDBDN9",5248,"905SDBDN9_05042017_BMI_RWB_1",2017-05-04,5,4,2017,"BMI_RWB",1,NA,565,20,20,0.70921986,7.14285714,6.78222186,8.45,1.24590439,0.9,0.70130414,0.05,0.97360427,0.43,2019-11-18 07:19:43,"Distinct set to NA","Yes",2,"machine","SWAMP",2019-11-18 07:19:43,"false","{00000000-0000-0000-0000-000000000000}",NA,NA,NA,NA,NA,NA,NA,NA,NA,"905SDBDN9",2017
"140","905WE0679_2017","905WE0679",5262,"905WE0679_05042017_BMI_RWB_1",2017-05-04,5,4,2017,"BMI_RWB",1,NA,515,20,20,2.7184466,8,6.41151885,5.95,0.92801724,0.35,1.24502608,0.91,1.08652166,0.71,2019-11-18 07:19:43,"Distinct set to NA","Yes",2,"machine","SWAMP",2019-11-18 07:19:43,"false","{00000000-0000-0000-0000-000000000000}",NA,NA,NA,NA,NA,NA,NA,NA,NA,"905WE0679",2017
"141","907M23327_2016","907M23327",5321,"907M23327_06082016_BMI_RWB_1",2016-06-08,6,8,2016,"BMI_RWB",1,NA,675,20,20,0.44444444,9.375,6.83481743,5,0.73154844,0.08,0.51766112,0,0.62460478,0.01,2019-11-18 07:19:43,"Distinct set to NA","Yes",2,"machine","SMC",2019-11-18 07:19:43,"true","{00000000-0000-0000-0000-000000000000}",NA,NA,NA,NA,NA,NA,NA,NA,NA,"907M23327",2016
"142","907M23330_2016","907M23330",5322,"907M23330_06092016_BMI_RWB_1",2016-06-09,6,9,2016,"BMI_RWB",1,NA,653,20,20,18.37672282,11.76470588,7.6033484,8.25,1.08504827,0.67,0.84298849,0.19,0.96401838,0.41,2019-11-18 07:19:43,"Distinct set to NA","Yes",2,"machine","SMC",2019-11-18 07:19:43,"true","{00000000-0000-0000-0000-000000000000}",NA,NA,NA,NA,NA,NA,NA,NA,NA,"907M23330",2016
"143","907M23331_2016","907M23331",5323,"907M23331_06082016_BMI_RWB_1",2016-06-08,6,8,2016,"BMI_RWB",1,NA,672,20,20,0.74404762,8.33333333,6.97486597,6,0.86023158,0.23,0.68067171,0.04,0.77045165,0.08,2019-11-18 07:19:43,"Distinct set to NA","Yes",2,"machine","SMC",2019-11-18 07:19:43,"true","{00000000-0000-0000-0000-000000000000}",NA,NA,NA,NA,NA,NA,NA,NA,NA,"907M23331",2016
"144","907NP9OSD_2016","907NP9OSD",5329,"907NP9OSD_04192016_BMI_RWB_1",2016-04-19,4,19,2016,"BMI_RWB",1,NA,414,1,20,0.75566751,5.55555556,7.06268442,5,0.70794612,0.06,0.56686219,0.01,0.63740415,0.01,2019-11-18 07:19:43,"Distinct set to NA","Yes",2,"machine","SWAMP",2019-11-18 07:19:43,"true","{00000000-0000-0000-0000-000000000000}",NA,NA,NA,NA,NA,NA,NA,NA,NA,"907NP9OSD",2016
"146","909S00282_2016","909S00282",5432,"909S00282_04202016_BMI_RWB_1",2016-04-20,4,20,2016,"BMI_RWB",1,NA,553,20,20,1.63043478,12.19512195,6.472281,8,1.23604028,0.89,0.768647,0.1,1.00234364,0.51,2019-11-18 07:19:43,"Distinct set to NA","Yes",2,"machine","SWAMP",2019-11-18 07:19:43,"true","{00000000-0000-0000-0000-000000000000}",NA,NA,NA,NA,NA,NA,NA,NA,NA,"909S00282",2016
"147","909SWCASR_2016","909SWCASR",5456,"909SWCASR_03212016_BMI_RWB_1",2016-03-21,3,21,2016,"BMI_RWB",1,NA,590,20,20,2.88135593,14.28571429,7.00057989,6.6,0.94277904,0.38,0.79025735,0.12,0.86651819,0.2,2019-11-18 07:19:43,"Distinct set to NA","Yes",2,"machine","SWAMP",2019-11-18 07:19:43,"true","{00000000-0000-0000-0000-000000000000}",NA,NA,NA,NA,NA,NA,NA,NA,NA,"909SWCASR",2016
"148","911COPPER_2017","911COPPER",5505,"911COPPER_05022017_BMI_RWB_1",2017-05-02,5,2,2017,"BMI_RWB",1,NA,573,20,20,7.51748252,13.04347826,7.54869501,6.65,0.88094697,0.27,0.67616622,0.04,0.7785566,0.08,2019-11-18 07:19:43,"Distinct set to NA","Yes",2,"machine","SWAMP",2019-11-18 07:19:43,"false","{00000000-0000-0000-0000-000000000000}",NA,NA,NA,NA,NA,NA,NA,NA,NA,"911COPPER",2017
"150","911NP9UCW_2016","911NP9UCW",5545,"911NP9UCW_04202016_BMI_RWB_1",2016-04-20,4,20,2016,"BMI_RWB",1,NA,548,20,20,3.46715328,4.87804878,7.0721868,7,0.98979286,0.48,0.83058628,0.17,0.91018957,0.29,2019-11-18 07:19:43,"Distinct set to NA","Yes",2,"machine","SWAMP",2019-11-18 07:19:43,"true","{00000000-0000-0000-0000-000000000000}",NA,NA,NA,NA,NA,NA,NA,NA,NA,"911NP9UCW",2016
"151","911NP9UCW_2017","911NP9UCW",5547,"911NP9UCW_05022017_BMI_RWB_1",2017-05-02,5,2,2017,"BMI_RWB",1,NA,630,20,20,2.06349206,8.57142857,7.0721868,6.85,0.96858301,0.43,0.83064674,0.17,0.89961488,0.27,2019-11-18 07:19:43,"Distinct set to NA","Yes",2,"machine","SWAMP",2019-11-18 07:19:43,"false","{00000000-0000-0000-0000-000000000000}",NA,NA,NA,NA,NA,NA,NA,NA,NA,"911NP9UCW",2017
"152","911S00858_2016","911S00858",5557,"911S00858_03242016_BMI_RWB_1",2016-03-24,3,24,2016,"BMI_RWB",1,NA,585,20,20,2.73504274,7.14285714,6.50867582,6.6,1.01403115,0.53,0.82163382,0.16,0.91783248,0.3,2019-11-18 07:19:43,"Distinct set to NA","Yes",2,"machine","SWAMP",2019-11-18 07:19:43,"true","{00000000-0000-0000-0000-000000000000}",NA,NA,NA,NA,NA,NA,NA,NA,NA,"911S00858",2016
"153","911S01142_2016","911S01142",5561,"911S01142_04192016_BMI_RWB_1",2016-04-19,4,19,2016,"BMI_RWB",1,NA,588,20,20,3.40136054,8.92857143,6.51356592,6.8,1.043975,0.59,0.75510049,0.09,0.89953775,0.27,2019-11-18 07:19:43,"Distinct set to NA","Yes",2,"machine","SWAMP",2019-11-18 07:19:43,"true","{00000000-0000-0000-0000-000000000000}",NA,NA,NA,NA,NA,NA,NA,NA,NA,"911S01142",2016
"154","911TJKC1x_2016","911TJKC1x",5577,"911TJKC1x_04192016_BMI_RWB_1",2016-04-19,4,19,2016,"BMI_RWB",1,NA,623,20,20,1.92616372,13.7254902,6.4926223,7.35,1.13205415,0.76,0.68910968,0.04,0.91058191,0.29,2019-11-18 07:19:43,"Distinct set to NA","Yes",2,"machine","SWAMP",2019-11-18 07:19:43,"true","{00000000-0000-0000-0000-000000000000}",NA,NA,NA,NA,NA,NA,NA,NA,NA,"911TJKC1x",2016
"155","911TJLCC2_2016","911TJLCC2",5595,"911TJLCC2_04202016_BMI_RWB_1",2016-04-20,4,20,2016,"BMI_RWB",1,NA,582,20,20,3.78657487,5.08474576,7.03740257,8.9,1.26467115,0.92,0.97305857,0.44,1.11886486,0.77,2019-11-18 07:19:43,"Distinct set to NA","Yes",2,"machine","SWAMP",2019-11-18 07:19:43,"true","{00000000-0000-0000-0000-000000000000}",NA,NA,NA,NA,NA,NA,NA,NA,NA,"911TJLCC2",2016
"157","SMC01567_2017","402S01567",1764,"402S01567_05242017_BMI_RWB_1",2017-05-24,5,24,2017,"BMI_RWB",1,NA,605,20,20,1.16666667,5.66037736,12.30131974,9.95,0.8088563,0.16,0.61783203,0.02,0.71334417,0.04,2019-11-18 07:19:43,"Distinct set to NA","Yes",2,"machine","SWAMP",2019-11-18 07:19:43,"false","{00000000-0000-0000-0000-000000000000}",NA,NA,NA,NA,NA,NA,NA,NA,NA,"SMC01567",2017
"158","SMC01640_2016","SMC01640",5883,"SMC01640_06142016_BMI_RWB_1",2016-06-14,6,14,2016,"BMI_RWB",1,NA,623,20,20,0,0,11.05617218,5.2,0.47032553,0,0.39763262,0,0.43397907,0,2019-11-18 07:19:43,"Distinct set to NA","Yes",2,"machine","SMC",2019-11-18 07:19:43,"true","{00000000-0000-0000-0000-000000000000}",NA,NA,NA,NA,NA,NA,NA,NA,NA,"SMC01640",2016
