SampleID,StationCode,Date,Latitude,Longitude,new_lat,new_long,active,Ag_2006_1K,Ag_2006_5K,Ag_2006_WS,Ag_2011_1K,Ag_2011_5K,Ag_2011_WS,area_sqkm,AtmCa,AtmMg,AtmSO4,BDH_AVE,CaO_Mean,CODE_21_2006_1K,CODE_21_2006_5K,CODE_21_2006_WS,CODE_21_2011_1K,CODE_21_2011_5K,CODE_21_2011_WS,COMID,CondQR01,CondQR05,CondQR25,CondQR50,CondQR75,CondQR95,CondQR99,CondQR99c,eco_ii_1987,eco_ii_2010,eco_iii_1987,eco_iii_2010,elev_range,flowstatus,GISCode,InvDamDist,KFCT_AVE,lastupdatedate,LPREM_mean,LST32AVE,maflowu,max_elev,W1_Hall_screening,MaxOfCOND,MAXWD_WS,Mean_W1_HALL,MEANP_WS,MgO_Mean,MINES_5K,MINP_WS,N_Mean,Name,nhd_so,nhdflow,nhdslope,P_Mean,PAVED_INT_1K,PAVED_INT_5K,PAVED_INT_WS,pct_cenoz,pct_nosed,pct_quart,pct_sedim,pct_volcnc,PerManMade_WS,ppt_00_09,PRMH_AVE,psa10c,psa6c,psa9c,regionalboardnumber,RoadDens_1K,RoadDens_5K,RoadDens_WS,S_Mean,sampled,site_elev,SumAve_P,temp_00_09,TMAX_WS,UCS_Mean,URBAN_2006_1K,URBAN_2006_5K,URBAN_2006_WS,URBAN_2011_1K,URBAN_2011_5K,URBAN_2011_WS,XWD_WS,SiteStatus
102PS0331_07/11/2017,102PS0331,7/11/17,41.98886093,-123.1642933,41.9886728,-123.1642063,,0,0,0,0,0,0,123.4647,0.031488591,0.009877024,0.125076605,1.482490348,5.018534288,0,0,0.486211848,0,0,0.486211848,23936111,28,38,78,107,153,224.3333333,299.5,299.5,,,,,1345,,,0,,,-1.015761754,140.4986877,,2021,,,16.17585302,,1427.5,8.833333333,0,5.00668913,0.02309172,,,,,0.148411769,0,0,0,0,0.188741361,0,17.23290992,82.76709008,,83865.60156,2.678144525,,,,,0,0.042155455,0.28632163,0.058727816,,676,5845.175333,1585.300049,259.7533333,113.3371857,0,0,0.022597552,0,0,0.022597552,,
103WER029_06/20/2017,103WER029,6/20/17,41.80827,-124.11215,41.809766,-124.11209,TRUE,0,0,0,0,0,0,4.733672,0.0328,0.0167,0.1502,1.3645,3.3568,1.832461,0.4367641,0.4367641,1.832461,0.4367641,0.4367641,22226788,24,38,53,70,101,191,225,225,Mountain,Mountain,1,1,239,Perennial,103WER029,0,0.211,0.041009259,-0.6658,70.6,NA,285,0.19,78,17,NA,2121.9,2.9977,0,8.8333,0.0589,CLARKS CREEK,NA,Perennial,NA,0.1154,1,1,1,0,0,0,100,0,0,190371.4,1.173,NC,NC,NC,1,0.1640083,0.03565245,0.03565245,0.0574,TRUE,46,6928.753,1652,252.3333,101.4091,0,0,0,0,0,0,119,Reference
105NC0459_07/12/2017,105NC0459,7/12/17,41.9982,-122.66746,41.99809751,-122.6674081,,0,0,0,0,0,0,9.6246,0.031002346,0.008157149,0.118620459,1.498398999,5.195780351,1.470588235,4.236020198,4.236020198,1.470588235,4.236020198,4.236020198,361367,23,36,90.5,150.875,213.5,366.3333333,595,595,,,,,513,,,0,,,-0.894203437,147.7333333,,1504,,,13.8,,679.952381,11.5,0,3.026566528,0.026537148,,,,,0.204905332,0,0,0,0,0.196212543,0,100,0,,56264.39844,4.332243908,,,,,4.293474708,2.460257337,2.460257337,0.05337583,,991,4742.390803,1692.699951,282.9285714,165.5486561,0,0.028053114,0.028053114,0,0.028053114,0.028053114,,
105PS0540_06/15/2016,105PS0540,6/15/16,41.62029,-122.06964,41.6200195,-122.06924,TRUE,0,0,0,0,0,0,136.6202,0.0311,0.0082,0.1196,1.2137,4.8497,0,0,0,0,0,0,8264738,8.5,15,38,64,89,159,202.5,202.5,Mountain,Mountain,4,4,1116,Perennial,105PS0540,0,0.125,0.041068287,-0.3659,158.4296,119.77474,2595,1.78,83.2,12.4761,NA,967.3876,2.7076,0,12.7654,0.2038,Butte Creek ,3,Perennial,0.00722,0.2229,0,0,5,0,0,0,0,100,0,55259.7,13.515,DMmo,DM,DM,1,0.5277229,1.411317,1.262246,0.026,TRUE,1479,5812.099,1515,249.963,97.7842,0,0,0,0,0,0,88.2632,Intermediate
106NC0023_09/13/2016,106NC0023,9/13/16,41.29876087,-122.573521,41.29897774,-122.5740475,,0,0,0,0,0,0,53.9793,0.030897862,0.008707259,0.120262847,1.25860251,4.649509131,0,0.005749274,0.025009587,0,0.005749274,0.025009587,8241984,10,22.83333333,45,81.66666667,124.7777778,209.0434783,292,292,,,,,1355,,,0,,,-0.483976832,143.0654762,,2747,,,12.21428571,,1205.04878,10.90625,0,21.7583521,0.152914141,,,,,0.086053802,0,11,14,0,0.129333011,0,0,0,,103410.5,4.58189475,,,,,4.579289908,3.908838543,2.64280523,0.084067379,,1392,4367.252073,1801.5,227.78125,110.5837013,0,0.025871734,0.075028761,0,0.025871734,0.075028761,,
106PS0307_06/16/2016,106PS0307,6/16/16,41.23602787,-122.6654028,41.23598669,-122.6653014,,0,0,0,0,0,0,35.4114,0.031087806,0.009428244,0.123446694,1.280542028,5.304698785,0,0,0.007624663,0,0,0.007624663,8242034,10,20,45,73,112.25,202.0833333,249,249,,,,,1277,,,0,,,-0.517511347,126.9292035,,2354,,,13.84955752,,1483.716049,16.60465116,0,20.74890212,0.004013347,,,,,0.117518378,0,7,16,0,0.141377066,0,0,0,,105949.5,4.946845671,,,,,2.020005177,1.717927164,1.459467686,0.085137456,,1077,5386.156962,1824.300049,242.6744186,145.8442796,0,0,0.015249326,0,0,0.015249326,,
106PS0334_06/22/2017,106PS0334,6/22/17,40.62900838,-123.1654108,40.62902642,-123.1652919,,0,0,0,0,0,0,48.8835,0.033145357,0.01823177,0.158448236,1.501132069,5.383719191,3.584018801,3.423954436,3.385805026,3.584018801,3.423954436,3.385805026,8232482,27,50,151,207.8214286,266.047619,343.6833333,501,501,,,,,1010,,,0,,,-0.927900347,127.9133333,,1884,,,12.16,,1287.464286,8.155172414,0,2.676386882,0.014043897,,,,,0.045483951,2,15,20,0,0.155416317,0,100,0,,101276.1016,3.312475711,,,,,3.053592259,3.376424705,3.377445229,0.044976242,,874,3874.622489,1952.900024,294.7241379,126.0118004,0,0,0.001841112,0,0,0.001841112,,
106YJCENT_06/21/2017,106YJCENT,6/21/17,40.8779,-123.1249,40.87763044,-123.1247823,,0,0,0,0,0,0,11.6037,0.032308318,0.014044125,0.142484384,1.501100819,4.9989748,0,0,0,0,0,0,8243832,34,47,101,162,209,343.0625,502.2727273,502.2727273,,,,,1546,,,0,,,-0.72801441,139.5,,2262,,,13.08333333,,1219.259259,7.4,0,4.302700043,0.032501999,,,,,0.139175996,0,0,0,0,0.155343614,0,100,0,,99410.10156,3.255255309,,,,,0,0,0,0.054040998,,716,4154.886816,2005.900024,283.0666667,97.17406464,0,0,0,0,0,0,,
110NC0390_07/18/2017,110NC0390,7/18/17,40.68295,-124.14393,40.68299393,-124.144039,,0,0,0,0,0,0,5.6763,0.034314337,0.022733651,0.174196932,1.388000011,1.490535021,9.623188406,6.627556683,6.627556683,9.623188406,6.627556683,6.627556683,8317107,26,44,119,173,224.4143646,271,350,350,,,,,319,,,0,,,-0.809018731,47.42105263,,374,,,16.89473684,,1297.083333,6,0,1.783463955,0.062642001,,,,,0.135915995,0,0,0,100,0.273999989,0,100,0,,128815.1016,2.076999903,,,,,6.331080311,4.604274155,4.604274155,0.082664996,,55,3207.683228,1761.199951,226.125,62.32105255,0,0,0,0,0,0,,
111BVCMFE_06/02/2016,111BVCMFE,6/2/16,39.93603,-122.98827,39.93586224,-122.9883744,,0,0,0,0,0,0,35.7813,0.034685841,0.03275316,0.205812817,1.477635215,3.329010007,0,2.734654382,2.306512061,0,2.734654382,2.306512061,8297229,25,50,102,142.6170213,174.2222222,257.7627119,289,289,,,,,1332,,,0,,,-0.658157828,127.300885,,2239,,,16.31858407,,1753.902439,2.955555556,0,3.040694874,0.0578946,,,,,0.116667038,0,0,1,0,0.143412406,0,100,0,,133485.4063,3.347139085,,,,,0,0.088160411,0.256242726,0.056763427,,907,2380.107596,1853.699951,254.4444444,100.7844793,0,0,0,0,0,0,,
111NC0351_08/30/2016,111NC0351,8/30/16,39.81802372,-123.7479544,39.81812509,-123.7474733,,0,0,0,0,0,0,92.0871,0.034164546,0.034251125,0.207465947,1.484957802,3.132553101,6,6.336610758,5.004935545,6,6.336610758,5.004935545,8287372,38,66,119,159,180.6136364,258.4545455,330,330,,,,,592,,,0,,,-0.684031725,83.45070423,,892,,,16.17957746,,1943.583732,3.318181818,0,1.977522969,0.037802,,,,,0.140996993,1,11,21,0,0.219913813,0,100,0,,158579.4063,2.574793912,,,,,4.291153409,3.43771881,2.692421104,0.049683999,,300,2584.283172,1826,263.2454545,81.15462494,0,0.016194332,0.006841349,0,0.016194332,0.006841349,,
112NC0349_08/31/2016,112NC0349,8/31/16,40.31713099,-124.1187428,40.31661676,-124.1198486,,0,0,0,0,0,0,0.6588,0.034635674,0.027417392,0.189508379,1.427000046,3.132553101,0,0,0,0,0,0,2544451,40,46,97,159,193,258.7234043,289,289,,,,,473,,,0,,,-0.684031725,64,,1015,,,18,,2145,4,0,1.977522969,0.037802,,,,,0.140996993,0,0,0,0,0.218999997,0,100,0,,205144.0938,2.382999897,,,,,0.748051981,1.017686156,1.017686156,0.049683999,,542,3848.800049,1672.900024,266,81.15462494,0,0,0,0,0,0,,
113NC0028_08/23/2016,113NC0028,8/23/16,38.99589015,-123.662946,38.99584088,-123.662825,,0,0,0,0,0,0,67.1067,0.033146557,0.037500359,0.212723088,1.48342138,3.107785119,8.53761623,3.610341048,2.989418344,8.53761623,3.610341048,2.989418344,2665959,45,115,166,228,289,330,502.3529412,502.3529412,,,,,756,,,0,,,-0.685917012,83.22660099,,834,,,13.11330049,,1319.089744,2.911392405,0,1.974595809,0.038164868,,,,,0.140920351,0,0,1,0,0.20716811,0,100,0,,108668.2031,3.413245647,,,,,2.94429856,1.878907606,2.566728719,0.05018148,,78,1465.18507,1754.800049,280.5063291,80.87054185,0.845308538,0.077364451,0.016093773,0.845308538,0.083811489,0.017434921,,
113NC0204_06/27/2017,113NC0204,6/27/17,38.8719,-123.57,38.87218198,-123.5700982,,0,0,0,0,0,0,189.7362,0.03309353,0.037666918,0.213027249,1.482882387,3.130638169,11.40544518,5.225508157,3.496380764,11.40544518,5.225508157,3.496380764,2666381,44,112,173.7,248.6428571,289,355.5652174,503.8095238,503.8095238,,,,,766,,,0,,,-0.684412495,76.66609881,,823,,,12.5911414,,1391.606481,3.396475771,0,1.975785866,0.037893673,,,,,0.140580089,0,3,26,0.017305638,0.210581913,0,100,0,,111703.5,3.284157596,,,,,1.826199873,4.193254581,3.206467493,0.089202974,,57,1339.436162,1909.400024,301.3480176,80.66010103,0,0.046526506,0.017550684,0,0.046526506,0.017550684,,
113NC0388_08/29/2016,113NC0388,8/29/16,39.60209053,-123.7321461,39.60206678,-123.7321458,,0,0,0,0,0,0,11.7414,0.033922447,0.03544434,0.209789542,1.438682611,3.132553101,0,0.153303695,0.153303695,0,0.153303695,0.153303695,2662149,42,59,128,168,193,258.6829268,289,289,,,,,490,,,0,,,-0.684031725,66.23529412,,572,,,16.02941176,,1434.821429,3,0,1.977522969,0.037802,,,,,0.140996993,2,5,5,0,0.220635385,0,100,0,,120281.6016,2.331895774,,,,,7.394121983,5.19719645,5.19719645,0.049683999,,82,2206.488932,1660.099976,257.5333333,81.15462494,0,0,0,0,0,0,,
113NC0396_06/28/2017,113NC0396,6/28/17,38.85779,-123.56081,38.85808386,-123.5609127,,0,0,0,0,0,0,174.2985,0.033076813,0.037663709,0.212954788,1.485390989,3.129813436,9.399075501,4.356316659,3.125500219,9.399075501,4.356316659,3.125500219,2666375,44,119,174,238.4285714,289,348.9090909,501.7857143,501.7857143,,,,,762,,,0,,,-0.681785754,76.24813433,,823,,,12.64419476,,1389.585859,3.325358852,0,1.989239265,0.037810488,,,,,0.140997878,0,2,25,0,0.209424372,0,100,0,,118543.3984,3.315886532,,,,,3.785295163,3.943754424,3.083231152,0.049858465,,61,1309.518102,2041.800049,303.8660287,81.17235244,0,0.050072605,0.016007022,0,0.050072605,0.016007022,,
114PS0344_06/13/2017,114PS0344,6/13/17,38.5127469,-123.0766647,38.51275001,-123.0766156,,0,0,0,0,0,0,77.1165,0.03448822,0.039451745,0.223077983,1.485411789,6.837689969,10.14492754,5.323210603,2.743770788,10.14492754,5.323210603,2.743770788,8271035,23,28,106,192.5,280.9333333,354.7142857,504.2307692,504.2307692,,,,,688,,,0,,,-0.588012258,68.96638655,,710,,,12.33613445,,1708.477273,2.752688172,0,10.49682595,0.012086947,,,,,0.086236843,0,12,19,0,0.190209518,0,100,0,,128831.2031,3.925428701,,,,,3.944815806,2.440242015,1.904907097,0.063760378,,22,1483.267541,2028,287.4301075,142.5774735,0,0.149207882,0.046682617,0,0.149207882,0.046682617,,
201LAG140_06/09/2016,201LAG140,6/9/16,38.07034,-122.77051,38.07035351,-122.7704145,,0,0,0,0,0,0,207.1917,0.044667279,0.049276057,0.288010118,1.493832392,4.655563085,6.129447064,2.825626382,4.882000582,6.129447064,2.825626382,4.8793943,5329511,21,30,98,176,271,400,620,620,,,,,769,,,0.592888672,,,-0.541194196,40.84006211,,783,,,11.09953344,,1099.706383,0.601593625,0,7.621312555,0.01201761,,,,,0.052472097,2,10,88,0,0.236181066,0,100,0,,87661,1.856064859,,,,,2.033713308,1.376220989,1.479376845,0.058330546,,14,886.1001631,2039.099976,270.0677291,133.2554653,1.157308187,0.730011054,0.502578047,1.157308187,0.730011054,0.505184329,,
201LAG165_06/14/2016,201LAG165,6/14/16,38.05839,-122.76522,38.058107,-122.76549,TRUE,0,0,0,0,0,0,108.9280325,0.04413333,0.04413333,0.28443333,1.46126667,5.06413333,4.99412456,3.47074796,7.34257354,4.99412456,3.47074796,7.34257354,5329831,26,44,128.8125,200,292,404.75,520,520,Xeric,Xeric,6,6,774,Perennial,201LAG165,0,0.21436667,0.041012731,-0.50033333,42.16493333,43.99885,788,1.2,200.7,10.72933333,NA,1002.5149,5.95946667,0,0.2799,0.0189,,3,Perennial,0.0022,0.07576667,1,10,60,0,0,0,100,0,4,86601.39844,1.8189,CHco,CH,CHco,2,1.70688504,1.7988426,1.88992908,0.05276667,TRUE,14,882.5611333,2026,266.2568667,139.9360667,1,0.22710442,0.61821758,1,0.22710442,0.62317655,66.7659,Intermediate
201LAG335_06/13/2016,201LAG335,6/13/16,37.992222,-122.66,37.9917933,-122.66195,TRUE,0,0,0,0,0,0,2.428384,0.045,0.04646667,0.2896667,1.515,1.079767,0.6071645,1.44391,1.44391,0.6071645,1.44391,1.44391,5330439,27,46.47058824,200,289,343.9,596.6666667,1160.090909,1000,Xeric,Mountain,6,1,322,Perennial,201LAG335,0,0.243,0.041012731,-1.4907,36.49047,0.25015,540,0,508.5,11,NA,1216.311,34.38077,0,0,0.00036667,,1,Intermittent,0.09642,0.04433333,0,0,0,0,0,0,100,0,0,105879,1.927,CHco,CH,CHco,2,0.09394414,0.726514,0.726514,0.1502333,TRUE,218,901.7667,2074,291.6667,96.3378,0,0,0,0,0,0,69,Reference
202BUT600_06/14/2017,202BUT600,6/14/17,37.215901,-122.307277,37.2152307,-122.30854,FALSE,0,0,0,0,0,0,2.7619137,0.04456667,0.03976667,0.26396667,1.46266667,16.5542,0.28248588,2.25342913,2.25342913,0.28248588,2.25342913,2.25342913,17688205,36,123,249,322,399,927.4,1081.857143,1000,Mountain,Mountain,1,1,363,Unknown,202BUT600,0,0.20046667,0.041013889,-0.76676667,62.16666667,3.31844,539,0,230,12,NA,919.6667,5.96126667,0,3,0.05363333,LITTLE BUTANO CREEK,2,Perennial,0.02209,0.11196667,0,0,0,100,0,0,100,0,0,88759,3.9994,CHco,CH,CHco,2,0.24753978,1.53845104,1.53845104,1.25673333,FALSE,176,1246.3593,2060,261.75,66.81916667,0,0.26126715,0.26126715,0,0.26126715,0.26126715,76.1429,Reference
204PS0378_06/08/2017,204PS0378,6/8/17,37.53619521,-121.854243,37.53615378,-121.8543973,,0,0,0.057793865,0,0,0.057793865,384.6429,0.045348735,0.038622359,0.26686432,1.523008506,4.938895495,8.710462287,3.403791412,2.239219806,8.710462287,3.403791412,2.238985823,2806865,31,63,200,297.6666667,370,598.75,871,871,,,,,1228,,,0.172629708,,,-0.72350975,84.53994954,,1327,,,9.99915683,,622.9645309,0.64208243,1,3.942410388,0.029067383,,,,,0.05880633,2,17,49,0,0.286479268,0,100,0,,47470.5,3.019204312,,,,,1.538224282,1.842566745,0.631008977,0.183510095,,99,721.8044586,2154.800049,285.0932755,96.1902902,4.671532847,0.378535522,0.057559882,4.671532847,0.378535522,0.057793865,,
205CYCAHH_06/12/2017,205CYCAHH,6/12/17,37.10145,-121.47252,37.1014602,-121.47223,TRUE,0,0,0,0,0,0,208.152446,0.0429,0.0319,0.2435,1.5306,4.6373,1.80009474,0.87097689,0.61780969,1.80009474,0.87097689,0.61780969,17694881,46,164,290,349.2045455,418.8,797,1103.615385,1000,Xeric,Xeric,6,6,825,Perennial,205CYCAHH,0,0.2825,0.041017361,-0.697,64.0867,41.03565,1110,0.52,683,9.3174,NA,602.7108,4.1692,0,0.392,0.0408,COYOTE CREEK,3,Perennial,0.00606,0.0826,0,9,10,0,0,0,100,0,0,61918.19922,3.3957,CHco,CH,CHco,2,0.61538519,0.55659136,0.25883477,0.1656,TRUE,285,556.4493,2185,313.924,98.7063,0,0.00515371,0.00605272,0,0.00515371,0.00605272,55.3251,Reference
205PS0365_06/06/2017,205PS0365,6/6/17,37.26115292,-121.9564044,37.2608603,-121.9557388,,0,0,0.033432335,0,0,0.033432335,115.7562,0.043989514,0.0365772,0.255380833,1.501011173,7.195229978,10.91081594,25.92222083,10.82663391,10.81593928,25.87220208,10.81108399,17695691,23,44,160,255.0769231,322,441,854,854,,,,,1082,,,0.139286017,,,-0.563485688,61.38202247,,1157,,,11.00566572,,1135.791667,2.414285714,0,5.665440622,0.080823075,,,,,0.124740417,6,29,78,5.794851406,0.260773563,5.794851406,94.20514859,0,,44561.19922,3.362782223,,,,,18.48654606,13.20283769,4.042684363,0.342253977,,75,911.1829123,2212.199951,277.7857143,93.48519513,88.70967742,69.93872702,5.377940879,88.80455408,69.98874578,5.393490802,,
309CAW126_05/30/2017,309CAW126,5/30/17,36.23077,-121.54989,36.2307198,-121.55156,TRUE,0,0,0,0,0,0,48.01612,0.0416,0.0265,0.2289,1.5841,3.4962,0,0.6133649,0.4910505,0,0.6133649,0.4910505,8203401,37,138,226,256.030303,309.8,370,501,501,Xeric,Xeric,6,6,1034,Perennial,309CAW126,0,0.1877,0.040997685,-1.0708,91.9262,5.8318,1510,0.17,327.2,10.5135,NA,1033.08,2.3218,0,1.75,0.0246,TASSAJARA,3,Perennial,0.02004,0.1404,0,1,1,0,0,0,100,0,0,70007.1,5.649,CHco,CH,CHco,3,0,0.1546085,0.08235582,0.1216,TRUE,476,761.5632,2079,300.5536,124.4249,0,0,0.00187424,0,0,0.00187424,61.0135,Reference
309CAW174_06/01/2017,309CAW174,6/1/17,36.09279,-121.43435,36.0927682,-121.43425,TRUE,0,1,1,0,1,1,13.16027,0.0417,0.0254,0.2281,1.5753,7.3556,3.59589,1.499262,1.319929,3.59589,1.499262,1.319929,8204151,44,153,262,309.0526316,330,497.75,945,945,Xeric,Xeric,6,6,1288,Perennial,309CAW174,0,0.1965,0.040997685,-0.8485,100.119,0.04492,1787,0.34,230.4,10.6316,NA,887.7241,3.3904,0,0.0667,0.0379,SAN ANTONIO RIVER NF,2,Intermittent,0.03968,0.1266,1,2,2,0,0,0,100,0,0,60773.9,5.1888,CHco,CH,CHco,3,0.7053689,0.2919027,0.2559954,0.5086,TRUE,499,636.4611,2223,308.5333,91.0443,0,0,0,0,0,0,59.5,Reference
309PS0370_06/13/2017,309PS0370,6/13/17,36.64939198,-121.7078564,36.64904493,-121.7080883,,49.83860555,26.09423721,8.816000575,49.83860555,26.09423721,8.998187387,10891.1835,0.047088949,0.023647195,0.235702146,1.479124559,6.720670909,19.17366043,9.080147823,4.675938111,19.17366043,9.065711976,4.663608872,8200463,31,88,247,354.6666667,586.5,963,1165,1000,,,,,1781,,,0.010455669,,,-0.40712153,90.45323762,,1790,,,7.567701974,,486.6493114,0.204999238,2,3.031462079,0.163552132,,,,,0.123162723,2,27,3006,72.33305031,0.256835215,10.4891777,78.03619825,0,,36492.69922,2.628713384,,,,,1.99561237,2.304178373,1.263886567,0.347059426,,9,332.9465398,1951.900024,326.3247218,72.90944121,17.49515817,8.277514725,0.8422721,17.49515817,8.291950572,0.879226762,,
309SLCAAS_05/16/2016,309SLCAAS,5/16/16,36.21961,-121.48223,36.22054638,-121.4835326,,0,0,0,0,0,0,46.2627,0.041554103,0.025495934,0.227554278,1.601999998,3.828936419,0.087950748,0.169944161,0.398809408,0.087950748,0.169944161,0.398809408,8205363,35,67,183,238,272,330,500,500,,,,,1469,,,0,,,-1.412210256,104.4864865,,1790,,,11.42567568,,852.9090909,0.228070175,0,2.167863599,0.013699474,,,,,0.161659051,0,0,0,0,0.173999995,0,100,0,,57907.5,6.339000225,,,,,0,0.051835986,0.156531507,0.033803178,,321,722.0127641,2241.100098,296.5263158,138.5616488,0,0,0,0,0,0,,
312MZCDBC_05/17/2016,312MZCDBC,5/17/16,34.770446,-119.937027,34.7705778,-119.93641,TRUE,0,0,0,0,0,0,79.46422,0.062,0.0257,0.3159,1.5444,17.8013,0,0.3655176,0.4371213,0,0.3655176,0.4371213,17626881,167,300,587.490566,795.6184211,948.0097087,1164.617021,1169.666667,1000,Mountain,Mountain,8,8,1434,Perennial,312MANNIR,0,0.2876,0.041028935,-0.7113,81.3896,0.48698,2001,0.59,904,7.2181,NA,787.0939,6.5896,0,0,0.049,Manzana Creek ~0.5mi above Davy Brown Creek,4,Intermittent,0.01592,0.1142,3,5,5,0,0,0,100,0,0,59434.6,2.1514,CHco,CH,CHco,3,0.1430758,0.08002251,0.0409849,1.1583,TRUE,567,292.4719,2292,310.32,68.9705,0,0,0.00226488,0,0,0.00226488,41.358,Reference
312MZCDBC_05/31/2017,312MZCDBC,5/31/17,34.770446,-119.937027,34.7705778,-119.93641,TRUE,0,0,0,0,0,0,79.46422,0.062,0.0257,0.3159,1.5444,17.8013,0,0.3655176,0.4371213,0,0.3655176,0.4371213,17626881,167,300,587.490566,795.6184211,948.0097087,1164.617021,1169.666667,1000,Mountain,Mountain,8,8,1434,Perennial,312MANNIR,0,0.2876,0.041028935,-0.7113,81.3896,0.48698,2001,0.59,904,7.2181,NA,787.0939,6.5896,0,0,0.049,MANZANA CREEK,4,Intermittent,0.01592,0.1142,3,5,5,0,0,0,100,0,0,59434.6,2.1514,CHco,CH,CHco,3,0.1430758,0.08002251,0.0409849,1.1583,TRUE,567,292.4719,2292,310.32,68.9705,0,0,0.00226488,0,0,0.00226488,41.358,Reference
312NPPCBR_05/17/2016,312NPPCBR,5/17/16,35.02401,-120.1134,35.02294798,-120.1140106,,0,0,0,0,0,0,30.1095,0.059307252,0.023902936,0.286973309,1.541418868,10.24299588,0,0.048473097,0.947541474,0,0.048473097,0.947541474,17632482,113,200,399.3285714,715.32,889.1935484,1161.47619,1168.818182,1000,,,,,811,,,0,,,-0.703841489,75.72916667,,1258,,,7.458333333,,693.4285714,0,0,4.014862209,0.04139773,,,,,0.122928419,0,0,0,44.87206518,0.278285165,0,100,0,,51642.5,1.72737502,,,,,0,0.001445196,0.013524266,1.138303784,,447,456.453531,2324.399902,322.5833333,71.32592045,0,0,0,0,0,0,,
402S01567_05/24/2017,402S01567,5/24/17,34.5096,-119.3837,34.50963999,-119.383779,,0,0,0,0,0,0,32.1417,0.061517126,0.027969177,0.349683801,1.536057872,3.250529051,0,0,0,0,0,0,17585776,77,200,407.0625,776.5454545,864.5675676,991.8571429,1164.333333,1000,,,,,1222,,,0,,,-0.743289471,80.57,,1748,,,6.28,,792.2763158,0,0,1.676987052,0.039742999,,,,,0.131926998,0,0,0,100,0.256124158,0,100,0,,69390.29688,1.649865683,,,,,0,0,0,0.998640001,,526,411.7197857,2270.5,316.4594595,69.52515411,0,0,0,0,0,0,,
403BA0136_05/25/2016,403BA0136,5/25/16,34.512026,-118.450384,34.5114202,-118.45102,TRUE,0,0,0,0,0,0,60.030789,0.0554,0.0308,0.3768,1.5569,6.3447,7.14828897,5.06936633,4.93268164,7.14828897,5.06936633,4.93268164,17570387,104,200,348.4,426.1333333,564.164557,890.125,1112.333333,1000,Mountain,Mountain,8,8,954,Perennial,403BA0136,0,0.2363,0.041070602,-1.3257,84.492,5.23696,1516,1.77,700,5.9189,NA,469.8603,5.3218,0,0.3973,0.0309,,3,Perennial,0.02481,0.1678,0,1,2,0,100,0,0,0,0,42088.30078,3.7556,SCm,SC,SCm,4,0,0.03862152,0.18453636,0.095,TRUE,562,619.0922,2471,316,97.2669,1,0.10498688,0.09895349,1,0.10498688,0.09895349,34.0216,Intermediate
403M05780_05/26/2016,403M05780,5/26/16,34.60452,-118.55686,34.60359809,-118.5562762,NA,0,0,0,0,0,0,73.0764,0.05698331,0.03005246,0.37205834,1.62699791,4.81358371,10.5872622,2.27515108,2.89423124,10.5872622,2.27515108,2.89423124,17569783,32,122,247.875,382,441,785.6,1024,1000,,Mountain,NA,NA,1060,,403M05780,0,0.18799999,0.034768519,-1.49137284,87.86995516,3.79846,1660,0.46,1797,5.97757848,0.46,577.8622755,0.15909091,0,1.62680567,0.00621132,Elizabeth Creek,3,Perennial,0.01787,0.13194606,NA,2,7,0,100,0,0,0,3,45324.60156,6.98600006,SCm,SC,SCm,NA,0.14608948,0.02983009,0.0518124,0.04648675,NA,600,602.800435,2370,319.5227273,157.4437279,1,0.08176324,0.19828563,1,0.08176324,0.19828563,35.55156951,Intermediate
403STC064_05/18/2016,403STC064,5/18/16,34.55814811,-119.1045921,34.5581481,-119.10459,TRUE,0,0,0,0,0,0,13.47338,0.06023333,0.04963333,0.3591,1.5344,7.708267,0,0,0.1537536,0,0,0.1537536,17567965,150,257,399.4484848,694.56,817.9861111,974.2,1163.941176,1000,Mountain,Mountain,8,8,1086,Perennial,403STC064,0,0.2488667,0.041003472,-0.7180667,79.68003,0.83874,1948,0.09,686,7.806733,NA,685.5274,3.155033,0,0,0.04086667,BEAR CANYON,3,Perennial,0.07187,0.1262667,0,0,0,100,0,0,100,0,0,68601.9,1.518667,SCm,SC,SCm,4,0,0,0,1.0954,TRUE,862,425.3783,1958,294.0182,70.93657,0,0,0,0,0,0,41.52423,Reference
403WE0534_05/23/2016,403WE0534,5/23/16,34.61359,-118.7798,34.6136897,-118.78082,TRUE,0,0,0,0,0,0,793.861209,0.0602,0.0285,0.3576,1.5207,3.9108,0,1.9237252,2.06252537,0,1.91923051,2.06252537,17569679,37,135,255.2,394,692.2666667,1065.086957,1165,1000,Mountain,Mountain,8,8,2147,Perennial,403WE0534,0,0.2485,0.041091435,-1.0428,102.6392,36.10114,2690,0.48,1117.3,5.987,NA,557.8036,1.4662,0,0.4391,0.0365,,5,Perennial,0.01399,0.131,0,7,189,13,87.0167092,0,12.98328962,0,3,36268.89844,8.8747,SCm,SC,SCm,4,0,0.23218352,0.41426415,0.205,TRUE,543,512.9165,2161,300.8408,111.1548,0,0.50115738,0.325823,0,0.50565207,0.32911071,34.4664,Intermediate
403WE0535_05/24/2016,403WE0535,5/24/16,34.43957,-118.7591,34.4394354,-118.76034,TRUE,4,0,0,4,0,0,1108.828054,0.0595,0.0288,0.3606,1.5262,5.4402,4.11913815,4.56688829,1.83039226,4.11913815,4.56688829,1.83039226,17574539,62,177,316,429.4,785.8571429,1115.8,1165.782609,1000,Xeric,Xeric,6,85,2446,Perennial,403WE0535,0,0.2565,0.041091435,-1.0295,97.6732,54.77927,2690,1.94,1522,5.9167,NA,546.4802,2.0629,0,0.3234,0.0372,,5,Perennial,0.00778,0.1297,3,21,240,23,76.71308433,0,23.28691081,0,3,42391,8.0211,SCx,SC,SCx,4,2.61598818,1.59781503,0.40760016,0.3562,TRUE,244,486.2206,2519,307.6289,105.4825,0,0.06365823,0.25973372,0,0.06601594,0.26216873,34.0499,Intermediate
403WE0682_05/25/2016,403WE0682,5/25/16,34.57066,-118.38974,34.5704221,-118.39079,TRUE,0,0,0,0,0,0,38.040638,0.0554,0.0308,0.3772,1.5773,5.6601,6.49284254,6.24099856,5.14118148,6.49284254,6.24099856,5.14118148,17569981,99.5,183,322,406.2545455,557.4854369,876,1108.6,1000,Mountain,Mountain,8,8,671,Perennial,403WE0682,0,0.2224,0.041092593,-1.4196,85.3445,2.37615,1516,3.31,398,5.5345,NA,465.9419,4.3241,0,0.617,0.0244,,3,Perennial,0.04794,0.1609,1,1,1,0,100,0,0,0,0,41840.39844,4.8225,SCm,SC,SCm,4,0.85496928,0.41159009,0.27104262,0.0751,TRUE,845,612.8856,2266,309.6808,112.0972,0,0.10709406,0.12297214,0,0.10709406,0.12297214,33,Intermediate
403WE1027_05/12/2016,403WE1027,5/12/16,34.72655489,-119.0294278,34.7265549,-119.02943,TRUE,0,3,1,0,3,1,152.8511,0.0612,0.0278,0.35,1.5021,3.8074,2.387268,3.900448,3.204041,2.387268,3.900448,3.204041,17567207,32,98,229.5,322,461,864.625,1102.157895,1000,Mountain,Mountain,8,8,1254,Perennial,403WE1027,0,0.2359,0.041094907,-0.9762,101.5338,2.55,2690,0.42,1014,6.4111,NA,678.4097,1.4947,0,0.1374,0.0332,Lockwood Creek ,4,Perennial,0.02396,0.1394,0,7,50,6,94.21196,0,5.788052,0,0,53788.9,9.2638,SCm,SC,SCm,4,0,0.6878063,0.6457281,0.2273,TRUE,1436,609.9708,1782,284.8462,108.9957,0,0.3401553,0.1177523,0,0.3401553,0.1177523,36.0343,Intermediate
404M07357_06/13/2016,404M07357,6/13/16,34.07936,-118.59437,34.07836461,-118.5932571,NA,0,0,0,0,0,0,43.5393,0.05541726,0.03100125,0.37901407,1.56118933,14.60830993,27.89634146,16.16812542,14.0645348,27.84552846,16.15850726,14.05006511,20365153,169,248,585.75,795.05,951.9491525,1162.549296,1169.064516,1000,,Xeric,NA,NA,584,,404M07357,1,0.27761532,0.034768519,-0.73272429,45.72519084,1.0435,783,1.03,1431,5.60305344,1.03,595.2323232,0.05769231,0,5.32754582,0.04630475,Topanga Creek,3,Intermittent,0.03281,0.12640633,4,56,76,100,0,0,100,0,0,55570.19922,3.14837573,SCx,SC,SCx,NA,6.61298602,4.01377373,4.2592314,1.23090118,NA,199,361.434109,2456,324.9423077,75.41093944,3,1.23753647,2.01335345,3,1.24715463,2.02782314,29.92366412,Stressed
404M07358_06/16/2016,404M07358,6/16/16,33.98675,-118.41043,33.98619211,-118.4115873,NA,0,0,0,0,0,0,20.1069,0.05423346,0.03145761,0.38207883,1.65676986,1.517079,0.56980057,6.33347965,5.78756546,0.56980057,6.08891955,5.5995703,20366115,42,69,227,382,585.9,1026.142857,1161.769231,1000,,Xeric,NA,NA,154,,404M07358,0,0.27541577,0.034768519,2.10662055,-1,4.47665,157,4.03,1302,5,4.03,361.8297872,0,0,0.963552,0.84543103,Ballona Tributary,1,Perennial,5.00E-05,0.125222,2,2,2,100,0,100,0,0,0,32284.59961,4.97983934,SCx,SC,SCx,NA,22.81033925,16.09795735,15.77018092,0.11041,NA,3,342.6174549,2128,255.173913,2.22647691,99,88.8505675,90.68976322,99,89.09512761,90.87775838,25.96774194,Stressed
404R4S056_05/04/2016,404R4S056,5/4/16,34.04587,-118.63873,34.04470826,-118.6388912,,0,0,0,0,0,0,9.9117,0.055683601,0.030966932,0.378977232,1.542000055,3.439193028,15.52,13.28430037,13.28430037,15.52,13.28430037,13.28430037,20365165,77,200,399.6470588,698.2857143,885.5945946,1159.461538,1168.857143,1000,,,,,805,,,0,,,-0.703372794,32.96551724,,849,,,4.275862069,,588.9583333,0.153846154,0,1.685506532,0.03249397,,,,,0.13632818,2,6,6,100,0.335000008,0,100,0,,41687.30078,3.066999912,,,,,4.506932456,3.429480605,3.429480605,0.796388444,,44,344.9033325,2226,299.7692308,82.66321906,5.36,1.952238264,1.952238264,5.36,1.952238264,1.952238264,,
405BRCASG_05/11/2016,405BRCASG,5/11/16,34.24092305,-117.8844943,34.2409231,-117.88449,TRUE,0,0,0,0,0,0,72.66892,0.0524,0.0318,0.3826,1.4923,3.9372,0,0,0.8623467,0,0,0.8623467,22524629,47,138,200,289.6769231,319,560,955,955,Mountain,Mountain,8,8,2003,Perennial,SGUT501,0,0.1252,0.041061343,-1.8203,77.6757,8.93552,2508,0.68,431,6.9427,NA,948.3394,1.8133,0,0.9,0.0089,Bear Creek  ,4,Perennial,0.02197,0.1713,0,0,0,0,100,0,0,0,0,63236.6,6.932,SCm,SC,SCm,4,0,0,0.00549346,0.028,TRUE,505,1193.1,2288,299.1,153.638,0,0,0.1239004,0,0,0.1239004,42.0308,Reference
405BRCASG_05/25/2017,405BRCASG,5/25/17,34.24092305,-117.8844943,34.2409231,-117.88449,TRUE,0,0,0,0,0,0,72.66892,0.0524,0.0318,0.3826,1.4923,3.9372,0,0,0.8623467,0,0,0.8623467,22524629,47,138,200,289.6769231,319,560,955,955,Mountain,Mountain,8,8,2003,Perennial,SGUT501,0,0.1252,0.041061343,-1.8203,77.6757,8.93552,2508,0.68,431,6.9427,NA,948.3394,1.8133,0,0.9,0.0089,BEAR CREEK,4,Perennial,0.02197,0.1713,0,0,0,0,100,0,0,0,0,63236.6,6.932,SCm,SC,SCm,4,0,0,0.00549346,0.028,TRUE,505,1193.1,2288,299.1,153.638,0,0,0.1239004,0,0,0.1239004,42.0308,Reference
412S04204_05/11/2016,412S04204,5/11/16,34.203604,-118.018537,34.203604,-118.01854,FALSE,0,0,0,0,0,0,15.72152,0.0525,0.0318,0.3827,1.55,3.8885,0,1.881813,1.881813,0,1.881813,1.881813,22514858,36,135,228,300,399.75,573.5116279,979,979,Mountain,Mountain,8,8,1169,Unknown,412S04204,0,0.2420667,0.041078704,-1.725867,77.14287,1.80891,1736,1.74,377,7.0408,NA,949.2059,1.7845,0,0.1111,0.00936667,,3,Perennial,0.06175,0.1706333,0,0,0,0,100,0,0,0,0,72100.2,3.985333,SCm,SC,SCm,4,0.3450862,0.03591873,0.03591873,0.02616667,FALSE,567,1006.674,2182,301.2778,152.7203,0,0.08605852,0.08605852,0,0.08605852,0.08605852,41.2245,Intermediate
507BTC269_08/08/2017,507BTC269,8/8/17,40.35193,-121.63451,40.35193462,-121.6345078,NA,0,0,0,0,0,0,73.94164,0.036577,0.020193,0.178673,1.27531,5.6713,5.681818,2.806615,2.29436,5.681818,2.80334,2.29436,2766252,23,30,50,71,106.4,150,199,199,Mountains,Mountain,5,4,1093,Unknown,507BTC269,0,0.188973,0.041030093,-0.617484,173.467,NA,2541,0.33,76.1,13.2291,NA,1695.54,3.23972,0,8.28261,0.0712073,BATTLE CREEK,NA,,NA,0.252911,3,13,18,0,0,0,0,100,0,124675.8,5.51066,SNws,SN,SNws,5,7.403964,3.171617,2.214778,0.017641,NA,1448,5886.81,1557,257.728,103.903,2,0.8089078,0.3651501,2,0.8121827,0.3675844,92.4229,Stressed
507PS0181_06/13/2017,507PS0181,6/13/17,40.70311397,-121.9277581,40.70319107,-121.9277754,,0,0,0,0,0,0,38.8098,0.033036171,0.014286742,0.151220672,1.208999991,5.718495786,8.229915088,0.949081049,0.29219424,8.229915088,0.949081049,0.29219424,2764276,26,40,95,135.3157895,174,265.9090909,343.3333333,343.3333333,,,,,1282,,,0,,,-0.405384587,144.1101695,,2060,,,13.97457627,,1317.802198,5.97826087,0,3.4528966,0.01673842,,,,,0.25069151,1,1,2,0,0.157000005,0,0,100,,134920.5,2.474999905,,,,,4.622763959,4.439128126,3.612758213,0.030686564,,778,5055.93252,2121.600098,293.3478261,127.1413423,0.130633573,0.015064779,0.004638004,0.130633573,0.015064779,0.004638004,,
507WS0693_08/09/2017,507WS0693,8/9/17,40.74697,-121.87257,40.74599837,-121.8733444,,0,0,0,0,0,0,3.6288,0.032680257,0.013823879,0.148973884,1.208999991,6.38427648,0,0,0,0,0,0,2764824,23,37,71,110,152,258.125,343.3333333,343.3333333,,,,,496,,,0,,,-0.350992785,149.8181818,,1658,,,15,,1546.888889,6.2,0,3.831508031,0.011261346,,,,,0.273573779,0,0,0,0,0.157000005,0,0,100,,171673.2969,2.474999905,,,,,4.145399815,4.694396421,4.694396421,0.02397633,,1162,5138.68335,1902.699951,281.4,135.8380449,0,0,0,0,0,0,,
509CTC033_07/10/2017,509CTC033,7/10/17,40.2466,-121.4075,40.2463687,-121.4076,FALSE,0,0,0,0,0,0,11.20378,0.03853333,0.022,0.1891333,1.027433,5.4831,0,0,0,0,0,0,8021344,19.66666667,28,43,65.25,81,140,193,193,Mountain,Mountain,5,4,844,Unknown,NF508723-033,0,0.16,0.041064815,-0.4876667,168.6115,8.93334,2393,0,97.3,13.1892,NA,1676.464,3.308033,0,10.8,0.1844667,CARTER CREEK,2,Perennial,0.09788,0.2452333,0,0,0,0,0,0,0,100,0,113036,5.753,SNws,SN,SNws,5,0,0.2785007,0.2349837,0.01956667,FALSE,1549,5680.251,1573,243.9333,111.0201,0,0,0,0,0,0,95.4324,Reference
509WS0405_09/07/2016,509WS0405,9/7/16,40.31461895,-121.7189772,40.31453619,-121.7187814,,0,0,0,0,0,0,6.5088,0.036176436,0.021074354,0.180515442,1.406125743,5.643056619,0,0,0,0,0,0,8021334,20,35,78,132.2857143,159,258.5454545,302,302,,,,,703,,,0,,,-0.756072814,165.1363636,,1927,,,13.72727273,,1359,6.272727273,0,3.137000671,0.009089446,,,,,0.253761425,0,4,4,0,0.202343057,0,0,100,,112698.3984,4.870555507,,,,,2.845240773,2.625029927,2.367764005,0.017020064,,1224,4688.413135,1817.599976,269.2727273,94.11807886,0,0,0,0,0,0,,
514ALCANC_06/30/2016,514ALCANC,6/30/16,38.68877,-120.30198,38.68858909,-120.3021008,,0,0,0,0,0,0,18.4878,0.056468945,0.017434891,0.233178764,0.994876726,4.739391159,0,0.80484115,1.489631,0,0.80484115,1.489631,14982952,7,25,48,80,125,218,290,290,,,,,571,,,0,,,-1.220689403,156.0181818,,2274,,,11.92727273,,1371.093023,7.833333333,0,2.435856928,0.009430623,,,,,0.215564199,0,0,1,0,0.146368,0,0,42.32456832,,114652.8984,5.669276244,,,,,0.453843172,0.533926705,0.58264817,0.020134033,,1703,4172.752596,1744.800049,251.3333333,108.7018896,0,0.096822995,0.116833804,0,0.096822995,0.116833804,,
514PS0162_08/04/2016,514PS0162,8/4/16,38.80829196,-120.0937508,38.80830576,-120.0937442,,0,0,0,0,0,0,20.6955,0.064239119,0.013917273,0.237353506,1.481020528,2.976670066,6.568265683,1.732439577,2.561426397,6.568265683,1.732439577,2.561426397,14982062,7,10,30,50,91,187,258,258,,,,,760,,,0,,,-1.538271306,177.84375,,2774,,,13.125,,1173.333333,17.8,0,1.470272411,0.232941987,,,,,0.153684994,1,8,13,0,0.124201358,0,0,0,,118335.7031,9.448255849,,,,,1.959426367,0.61047764,0.817481695,0.024537365,,2014,5200.792503,1214.900024,221.24,113.4004268,2.878228782,1.321752266,1.661230702,2.878228782,1.321752266,1.661230702,,
514PS0863_06/06/2017,514PS0863,6/6/17,38.95097059,-121.1029935,38.95090489,-121.1030257,,0,0.162556314,0.101881904,0,0.162556314,0.101881904,61.8363,0.049194667,0.0449384,0.290263553,1.455924009,4.655823822,7.527333894,8.743207468,8.961241213,7.821698907,8.854674655,9.025281267,15009435,23,27,90,214,289,426.5,650,650,,,,,252,,,0,,,-1.005860319,73.61170213,,653,,,9.734042553,,936.9020979,1.802816901,4,5.203322158,0.01913948,,,,,0.210523716,3,49,91,0,0.278108517,0,62.76646986,0,,80543.89844,1.892900328,,,,,8.13215301,3.847649396,3.929463858,0.044784242,,401,1354.301066,2209.399902,334.3943662,132.7343939,45.07989907,6.650875482,5.328423596,46.34146341,6.804142864,5.4303055,,
514WS0083_08/15/2016,514WS0083,8/15/16,38.80561511,-120.4170137,38.80538298,-120.4171733,,0,0,0,0,0,0,95.2704,0.057162948,0.017468981,0.229162658,1.437104583,3.070839361,0,2.224664992,0.705675635,0,2.224664992,0.705675635,14982152,7,13.25,42,68,118,202.75,299.5,299.5,,,,,1531,,,0.220995407,,,-1.400453564,154.4054983,,3029,,,13.06206897,,1395.054054,8.822033898,0,1.535412307,0.27362404,,,,,0.147387276,0,2,6,0,0.140633339,0,0,0,,127218.5,8.120885454,,,,,0,1.12356923,0.592371163,0.025929992,,1498,4254.265628,1890.800049,249.6186441,102.169104,0,0.30360134,0.060459492,0,0.30360134,0.060459492,,
517PLC130_08/08/2016,517PLC130,8/8/16,39.59001,-120.80068,39.59001272,-120.8006765,NA,0,0,0,0,0,0,61.87598,0.046747,0.023126,0.209948,1.35892,5.72468,0,0,0,0,0,0,8058251,17,30,59,98,140,180.75,228,228,Mountains,Mountain,5,5,1299,Unknown,517PLC130,0,0.160491,0.041032407,-0.954397,145.418,NA,2300,1.71,195.5,12.5661,NA,1873.98,3.44283,0,9.96,0.0463806,Pauley Creek ~2.6mi above Downey River,NA,,NA,0.135774,0,0,8,0,0,0,100,0,0,155604.1,3.95185,SNws,SN,SNws,5,0,2.235824,1.314305,0.05249,NA,1001,4090.29,1846,254.053,144.152,0,0,0,0,0,0,87.0635,Intermediate
517PS0836_06/07/2017,517PS0836,6/7/17,39.3471641,-121.4025768,39.34713134,-121.4025,,0,0,0.017604492,0,0,0.017604492,97.1343,0.045040426,0.038764935,0.257290753,1.496994248,5.541017174,0,1.920994586,1.131320244,0,1.920994586,1.131320244,8053943,23,37,183,247,290,461,600,600,,,,,861,,,0,,,-1.101117773,91.1986532,,1004,,,10.5959596,,1157.325688,1.924369748,2,3.254479821,0.011156762,,,,,0.213426613,0,10,46,0,0.272407605,0,32.19358945,0,,69443.70313,2.902730686,,,,,0,1.069154936,1.930901968,0.032452336,,143,1941.970945,2381.399902,343.4201681,156.6314647,0,0.044114698,0.042621402,0,0.044114698,0.042621402,,
517PSC038_07/25/2017,517PSC038,7/25/17,39.50235,-120.5271,39.5031885,-120.48724,FALSE,0,0,0,0,0,0,21.15157,0.0498,0.01953333,0.2060667,1.3476,2.3268,6.219313,1.478644,1.412105,6.219313,1.478644,1.412105,8058663,7,15,40,55,82,135,178,178,Mountain,Mountain,5,5,496,Unknown,NF508723-038,0,0.1437,0.041064815,-1.046233,181.5573,22.48151,2490,0.18,65,13.5672,NA,1551.122,1.440033,0,14.25,0.5377,PASS CR.,2,Perennial,0.02354,0.1521,0,4,4,0,98.99626,0,1.00374,0,0,150351.7,5.9077,SNws,SN,SNws,5,2.566303,1.384072,1.365401,0.0199,FALSE,1994,4639.061,1431,222.6429,43.14217,0,0.03562998,0.03402663,0,0.03562998,0.03402663,97.3582,Intermediate
518CDS022_07/25/2017,518CDS022,7/25/17,39.52705,-120.29051,39.52762286,-120.2900515,,0,0,0,0,0,0,8.5275,0.052267345,0.017139011,0.204383915,1.338999987,5.010606314,3.460837887,0.928759894,0.928759894,3.460837887,0.928759894,0.928759894,8040879,20,36,86,128,167,250,326,326,,,,,440,,,0,,,-0.514895926,188.2857143,,2267,,,11,,858.0526316,11.83333333,0,3.073964677,0.22739151,,,,,0.238142263,0,4,4,0,0.215000004,0,0,100,,68981.39844,3.236000061,,,,,0.124522922,0.849439812,0.849439812,0.019770773,,1827,3522.373413,1526.900024,252.6666667,102.3848593,2.9143898,1.150395778,1.150395778,2.9143898,1.150395778,1.150395778,,
518CMC383_09/13/2016,518CMC383,9/13/16,39.83783926,-121.4276035,39.83778928,-121.4278061,,0,0,0,0,0,0,22.7754,0.040883561,0.028644864,0.215226274,1.516000032,3.887515068,1.874310915,0.110734758,0.418872995,1.874310915,0.110734758,0.418872995,2775724,23,36,108,164,244,343.3888889,503.3333333,503.3333333,,,,,636,,,0,,,-1.724435329,123.8611111,,1474,,,12.98611111,,1905.826923,3.896551724,0,1.783936977,0.009427,,,,,0.170629993,1,1,1,0,0.189999998,0,0,0,,145809.5938,5.645999908,,,,,0.917113959,0.18129583,0.340888397,0.026133001,,838,3599.292436,1980.099976,288.4482759,152.708313,0,0,0.015806528,0,0,0.015806528,,
518GZCUPx_06/07/2016,518GZCUPx,6/7/16,39.88992526,-121.2779301,39.8899253,-121.27793,TRUE,0,0,0,0,0,0,36.50363,0.0421,0.0272,0.2135,1.4122,4.0185,0,0.9257806,1.230155,0,0.9257806,1.230155,2775510,10,24,44,52,95,152,272,272,Mountain,Mountain,5,5,603,Perennial,518GZCUPX,0,0.1548,0.041032407,-1.1882,153.5752,10.7795,1936,0.07,53.2,14.3964,NA,2408,10.4793,0,7.6222,0.0177,Grizzly Creek above Grizzly Forebay ,3,Perennial,0.00834,0.1499,0,0,4,0,30.03043,0,69.96947,0,3,179188.6,8.6243,SNws,SN,SNws,5,0,0.515668,0.5209185,0.0591,TRUE,1333,4500.128,1733,267.9778,134.4121,0,0.0117684,0.04190908,0,0.0117684,0.04190908,98.1171,Reference
518LCC105_09/12/2016,518LCC105,9/12/16,39.86331633,-120.1634851,39.8632736,-120.1633,FALSE,0,0,0,0,0,0,219.9112,0.0525,0.0169,0.2034667,1.495467,4.6967,5.00439,0.9384043,0.09288128,5.00439,0.9384043,0.09288128,8039103,11,32,69,128,171,322,500,500,Mountain,Mountain,5,5,979,Unknown,NF508723-105,0,0.1841333,0.041064815,-1.2421,163.0536,99.32316,2530,1.45,152.8,7.3997,NA,553.0984,2.415967,0,11.1103,0.0136,Last Chance Creek (USFS),4,Perennial,0.0238,0.2012333,1,10,28,0,52.51683,0,0,47,0,29897.8,7.471567,SNws,SN,SNws,5,1.923618,1.323214,0.5432876,0.02276667,FALSE,1551,3579.334,1677,271.4106,127.2447,1,0.4960728,0.04910024,1,0.4960728,0.04910024,61.583,Reference
518MLC181_07/20/2017,518MLC181,7/20/17,39.92984,-121.18513,39.92962765,-121.1850423,,0,0,0,0,0,0,17.0451,0.041862905,0.025607903,0.208272919,1.419927466,3.887515068,0,0,0,0,0,0,2775328,7,11.66666667,40,66,128.5,250,317,317,,,,,449,,,0,,,-1.724435329,160.0588235,,2186,,,13.58823529,,1917.756098,8.333333333,0,1.783936977,0.009427,,,,,0.170629993,1,1,1,0,0.106227699,0,37.81756088,0,,168636.9063,18.09153582,,,,,1.179694539,0.118982959,0.118982959,0.026133001,,1737,4809.276042,1622.099976,258.1428571,152.708313,0,0,0,0,0,0,,
518RCAJNC_07/12/2017,518RCAJNC,7/12/17,40.3887,-121.1574,40.38767123,-121.1566131,,0,0,0,0,0,0,3.4623,0.039703539,0.018877455,0.181541344,1.240947463,4.424089021,0,0,0,0,0,0,2773540,10,31,60,108,148,258.4444444,330,330,,,,,245,,,0,,,-0.576362657,167.0909091,,1989,,,10.63636364,,1218.125,12,0,2.722519138,0.354822466,,,,,0.216089061,0,0,0,0,0.203962835,0,0,100,,93240.20313,7.428571497,,,,,0,0.023877556,0.023877556,0.019218238,,1744,4027.633301,1491.400024,258.25,89.15867127,0,0,0,0,0,0,,
518RCNAPC_08/07/2017,518RCNAPC,8/7/17,40.4002,-121.439,40.3999116,-121.44101,TRUE,0,0,0,0,0,0,21.259015,0.0375,0.019,0.1768,1.2474,6.7464,0,0,0,0,0,0,2772712,15,25,40,47.9,68,101,156,156,Mountain,Mountain,5,4,842,Perennial,518RCNAPC,0,0.1672,0.041032407,-0.3287,174.8485,11.63224,2655,0.27,79.8,15.3881,NA,2473.1086,3.9887,0,10.1923,0.0076,"RICE CREEK, NORTH ARM",2,Perennial,0.03659,0.2802,0,0,0,0,0,0,0,100,0,192353.7031,5.3652,SNws,SN,SNws,5,0,0,0,0.0193,TRUE,1813,8695.8369,1370,239.3846,139.9259,0,0,0,0,0,0,114.3881,Reference
518SED013_08/10/2017,518SED013,8/10/17,40.194439,-121.2845171,40.1942318,-121.2845,TRUE,0,0,0,0,0,0,50.525011,0.039,0.0223,0.1917,1.1212,6.4435,3.10834814,3.03480278,1.94541438,3.10834814,3.03480278,1.94541438,2772920,23,33,64.05,78,117,151,210,210,Mountain,Mountain,5,4,932,Perennial,SEDTMDL_13,0,0.1432,0.041055556,-0.4342,164.4968,24.68053,2363,0.12,122.2,11.9682,NA,1464.7457,3.7739,0,12.7097,0.0083,BUTT CREEK,2,Perennial,0.02041,0.276,0,0,0,0,0,0,0,100,0,93364.5,5.2483,SNws,SN,SNws,5,1.05278636,0.57028786,0.10930058,0.0193,TRUE,1431,5014.4634,1613,265.2742,127.8314,0,0.00928074,0.03028576,0,0.00928074,0.03028576,84.4331,Reference
518WS0621_07/24/2017,518WS0621,7/24/17,39.91349,-120.8032,39.91337069,-120.8031465,,0,0,0,0,0,0,54.837,0.045802873,0.021853233,0.204305603,1.271216842,6.171811286,0,0,0,0,0,0,8029776,20,31,71,110,151,288.3333333,414,414,,,,,1164,,,0,,,-0.571806492,156.1511628,,2355,,,10.20930233,,1259.795276,8.328358209,2,3.522093092,0.008463791,,,,,0.2594005,0,0,1,0,0.139486385,0,56.62957839,43.37042161,,104522.3984,4.560407817,,,,,2.326220798,2.736468487,1.486216916,0.018935205,,1191,3409.019878,1778,259.9253731,145.3707596,0,0,0,0,0,0,,
519PS0765_04/13/2016,519PS0765,4/13/16,38.64463628,-121.3613877,38.64454813,-121.361345,,0,0,0,0,0,0,75.6936,0.052504609,0.057185201,0.337887181,1.650021154,3.435164928,34.42060086,17.92271021,22.00252069,33.30472103,17.03012476,20.9597641,15022615,37,121,247,348.6666667,426.1818182,772.9090909,969.4,969.4,,,,,65,,,0,,,-0.793201089,44.69915254,,84,,,8.254237288,,606.6551724,0.923913043,0,1.159664989,0.042410001,,,,,0.116917998,1,23,185,95.30109107,0.338714148,0,95.30109107,0,,48237.60156,2.032999992,,,,,10.16412109,12.53843325,12.17896222,0.073025003,,19,615.6995483,2402.600098,344,81.89925385,65.57939914,82.07728979,77.98202226,66.69527897,82.96987524,79.02477885,,
519PS0790_04/12/2016,519PS0790,4/12/16,38.58832185,-121.4039023,38.5883003,-121.4039672,,0,0,0,0,0,0,17.2287,0.052916177,0.058966897,0.344304842,1.646032501,2.311920814,8.865248227,16.6492625,16.40808651,8.59929078,15.70291085,15.42078044,948021135,34,76,239,349.5588235,443,779.1428571,913.5,913.5,,,,,29,,,0,,,0.904954104,41.62264151,,41,,,8,,529.6585366,0.454545455,0,1.044819893,0.510025146,,,,,0.121663698,4,27,32,100,0.310770873,51.61037103,48.38962897,0,,46938.5,1.351055553,,,,,9.356644517,11.49438046,11.422261,0.094917909,,12,609.3877242,2401.199951,339.0909091,35.24233602,91.13475177,83.3507375,83.59191349,91.40070922,84.29708915,84.57921956,,
519PS0817_04/14/2016,519PS0817,4/14/16,38.51305228,-121.4283511,38.51323937,-121.4287757,,0,1.883239171,7.665181127,0,1.883239171,7.67335841,88.0488,0.052686923,0.057370611,0.339392866,1.535590915,2.413997721,32.78931751,26.81373868,12.91704146,28.78338279,23.48668281,11.7558672,15036577,31,79,244.1428571,349.7101449,441,779.0833333,914.2857143,914.2857143,,,,,89,,,0,,,0.750631079,48.63396226,,97,,,8,,536.3768844,0.867924528,1,1.055256656,0.464664118,,,,,0.121231218,2,12,70,96.19397256,0.290789137,13.92756527,86.07243473,0,,45781.5,1.538084947,,,,,11.58314448,7.184749301,2.809389826,0.09292835,,8,616.7468957,2376.5,338.5,39.48237058,67.21068249,70.28966012,17.84589909,71.21661721,73.61671599,19.71440837,,
519PS0834_06/07/2017,519PS0834,6/7/17,38.75942006,-121.2649267,38.75938286,-121.2648405,,0,0,13.36094159,0,0,13.28102296,37.1628,0.051327659,0.053043088,0.321811668,1.635901166,3.542602756,59.54465849,40.58919804,17.45132229,57.61821366,38.82663981,17.13891311,15024787,31,144,233.6666667,319,402.96,569.5,791,791,,,,,234,,,0,,,-1.334184397,60.16666667,,288,,,8.087719298,,657.5529412,2,4,1.545625191,0.024183542,,,,,0.147788294,2,12,53,3.994142499,0.207022863,0,4.157293339,0,,50998.39844,5.163103896,,,,,11.07474069,10.69237252,5.604372013,0.046074272,,54,709.3613908,2403.300049,350.0434783,123.471201,40.45534151,59.27231525,19.0763344,42.38178634,61.03487347,19.65998256,,
519PS0838_06/01/2017,519PS0838,6/1/17,38.48359066,-121.3725089,38.48374867,-121.3725536,,49.49267193,21.95355398,19.41543237,49.15445321,21.52536396,19.0865802,34.2099,0.052855004,0.058179881,0.34220447,1.534025392,2.835479132,13.0777903,10.02972142,8.558048986,13.19052988,10.07505919,8.568572255,15040375,31,86,238.75,349.6164384,441,779.2,940,940,,,,,33,,,0,,,0.113422446,48.19811321,,47,,,8,,513.9466667,0.975609756,0,1.098350648,0.291774164,,,,,0.119535862,3,15,30,100,0.313615098,22.60769263,77.39230737,0,,46013.10156,1.633507053,,,,,3.478222669,2.795464228,2.158458684,0.084713348,,14,591.0666539,2381.699951,337.5853659,56.98971676,2.14205186,10.46294897,6.335008287,2.14205186,12.44773563,7.384704428,,
519PS0897_06/05/2017,519PS0897,6/5/17,38.62792472,-121.4377626,38.62789945,-121.4377422,,0,0,0,0,0,0,93.1059,0.052576555,0.057540189,0.33911745,1.649196049,3.23064472,25.82644628,32.41515465,22.99929435,24.89669421,31.38102849,21.96112169,15022679,31,98,241,348.7894737,439,777.625,959.8,959.8,,,,,71,,,0,,,-0.484001112,43.99319728,,84,,,8.174061433,,596.7135922,0.754545455,0,1.138754002,0.130351928,,,,,0.117814986,1,8,209,96.17986258,0.33284998,5.841907917,90.33795466,0,,47550.39844,1.905231952,,,,,11.88696925,11.94507037,12.22836233,0.077011262,,13,613.8267313,2406.100098,343.7454545,73.40396558,74.17355372,67.53783962,76.98330611,75.10330579,68.57196578,78.02147877,,
520PS0846_05/23/2017,520PS0846,5/23/17,39.55047481,-121.6401592,39.55034035,-121.6400988,,0,2.468363232,4.129988957,0,2.864691976,4.309828049,28.5255,0.042608529,0.037433016,0.246453254,1.553373857,5.318489001,6.171735242,3.073286052,2.224325603,6.171735242,3.073286052,2.224325603,1679245,31,47,200,252,302,461,640,640,,,,,392,,,0,,,-0.182952868,55.25842697,,440,,,10.15730337,,895.6268657,0.125,1,3.555867834,0.111554639,,,,,0.211370805,2,14,15,9.185826174,0.202977968,9.185826174,90.81417383,0,,69399.89844,2.794042329,,,,,0.926975684,1.342729596,0.888489985,0.060701762,,48,1609.866638,2403.899902,345.46875,121.8636217,0.089445438,1.780002781,0.896040385,0.089445438,1.780002781,0.896040385,,
521PS0161_09/06/2016,521PS0161,9/6/16,39.90766433,-121.619122,39.90775303,-121.6191633,,0,0,0,0,0,0,247.4982,0.038958223,0.025565577,0.201522604,1.247501236,6.71927219,0,0.204430723,1.238190823,0,0.204430723,1.238190823,2770154,23,34,72,117,151.6666667,245.375,271.3333333,271.3333333,,,,,1574,,,0,,,-0.546392361,149.664042,,2188,,,14.34822602,,1943.116071,3.885521886,0,4.114138021,0.009936912,,,,,0.273214011,1,2,26,0,0.140384176,0,17.64488749,82.35511251,,175556.5938,3.435327857,,,,,2.571399246,3.501809445,2.401234379,0.021926931,,614,3909.299468,2078.699951,275.8686869,136.5285235,0,0.029204389,0.086909723,0,0.029204389,0.086909723,,
523PS0803_06/12/2017,523PS0803,6/12/17,40.03434419,-122.6028371,40.03437722,-122.6027956,,0,0,0,0,0,0,63.3654,0.035067125,0.030928716,0.20242612,1.485534246,4.649957148,3.376205788,4.64536058,3.884612107,3.376205788,4.64536058,3.884612107,7984215,23,44,131.6666667,183,261,343.5555556,501.6666667,501.6666667,,,,,1676,,,0,,,-0.636057283,101.8291457,,2006,,,12.86432161,,1079.82069,3.544303797,2,7.044517559,0.043091389,,,,,0.132629853,0,1,1,0,0.192011724,0,100,0,,69464.29688,2.163079841,,,,,0.88542816,1.276494741,1.347440617,0.063853777,,330,2902.607193,2335,295.6962025,100.161502,0,0.273256505,0.042610005,0,0.273256505,0.042610005,,
525NC0510_06/28/2017,525NC0510,6/28/17,41.01193,-122.34744,41.01192769,-122.3474127,,0,0,0,0,0,0,5.5251,0.031353112,0.01059,0.130960888,1.501999974,7.241042137,0,0,0,0,0,0,7965111,27,45.66666667,101,152,213.0277778,343.2105263,503,503,,,,,666,,,0,,,-1.061080217,113.7222222,,1225,,,16.83333333,,2027.142857,11.33333333,0,4.157546997,0.039126001,,,,,0.192553997,0,0,0,0,0.158000007,0,100,0,,182568.2031,2.980000019,,,,,3.256059627,3.247781188,3.247781188,0.045795001,,559,4893.055664,2145.199951,339.3333333,55.37097931,0,0,0,0,0,0,,
525NC0638_06/27/2017,525NC0638,6/27/17,41.03403,-122.38709,41.03445741,-122.3885589,,0,0,0,0,0,0,2.0439,0.03133212,0.010490658,0.130218238,1.501999974,6.543907761,0,0,0,0,0,0,7965083,31,46,110,159,213.1081081,343.1142857,400,400,,,,,701,,,0,,,-0.960362274,110,,1213,,,16,,1959,10.33333333,0,4.03992526,0.030050554,,,,,0.224693282,0,0,0,0,0.158000007,0,100,0,,180219.7031,2.980000019,,,,,0.950903722,0.517842043,0.517842043,0.040900771,,512,4764.533203,2132.800049,334,81.40642659,0,0,0,0,0,0,,
526ESCAMC_08/01/2017,526ESCAMC,8/1/17,41.1753,-120.2058,41.1753026,-120.20589,TRUE,0,0,0,0,0,0,38.80482,0.0456,0.0147,0.1799,1.2835,6.7408,0,0,0,0,0,0,7930055,21,28,61,90.06299213,106,178,198.5,198.5,Xeric,Xeric,9,9,683,Perennial,R5BIO-124,0,0.1817,0.041052083,-0.33,174.6695,14.29286,2729,1.96,108.2,12.8814,NA,737.2584,4.0078,0,11.6809,0.008,EAST CREEK,2,Perennial,0.03429,0.2838,0,1,1,0,0,0,0,100,0,63118.8,4.3176,DMmo,DM,DM,5,1.252977,1.044519,0.7988533,0.0197,TRUE,2046,6166.932,1216,230,140.088,0,0,0,0,0,0,97.0424,Intermediate
526OT0508_07/17/2017,526OT0508,7/17/17,40.87683,-121.81767,40.87684005,-121.8175829,,0,0,0,0,0,0,8.415,0.032938977,0.012085398,0.143190377,1.208999991,6.761980175,0,0,0,0,0,0,7952068,14.66666667,31,51,90,146,227.8888889,302,302,,,,,456,,,0,,,-0.324893114,154,,1697,,,13,,1701.95,8.818181818,0,3.934385829,0.006928378,,,,,0.282180131,0,0,0,0,0.157000005,0,0,100,,174374.0938,2.474999905,,,,,1.156665136,1.294041833,1.294041833,0.018270391,,1241,6345.899902,1805.599976,269.3636364,139.4655987,0,0,0,0,0,0,,
526PS1724_06/27/2016,526PS1724,6/27/16,40.8510987,-121.5364234,40.85110924,-121.5364157,,15.82516956,12.99441468,0.814460254,15.82516956,12.78544018,0.808707166,1016.8452,0.036531597,0.015821544,0.164216495,1.277416942,6.429028149,7.912584778,3.138417113,0.991301331,7.912584778,3.138417113,0.991301331,7952260,23,34,75,116,156,288.1111111,373,373,,,,,2188,,,0,,,-0.36309824,163.8249201,,3178,,,9.955605238,,861.4203024,9.186426819,0,3.67883364,0.028499189,,,,,0.270622937,1,6,34,0,0.161882802,0,0,100,,74883.20313,4.464075383,,,,,2.369631337,0.829806745,0.945170167,0.019481929,,990,4710.708585,1835.199951,269.7604252,130.40587,0.376789751,0.178578213,0.042661361,0.376789751,0.178578213,0.042661361,,
526PS1868_07/12/2016,526PS1868,7/12/16,41.3719485,-120.3118935,41.37204126,-120.3118027,,0,0,0,0,0,0,23.9598,0.044325447,0.014135095,0.176828014,1.415314594,5.605183043,0,0,0,0,0,0,7928597,10,26,43,66,110.5,207.5,289,289,,,,,1080,,,0,,,-0.58934134,185.1369863,,2956,,,14.24657534,,862.0178571,13,0,3.270500245,0.09855677,,,,,0.251762082,0,0,0,100,0.160129117,0,100,0,,57655.80078,2.884830037,,,,,1.528359893,0.254602209,0.210940341,0.018526121,,1876,6837.308289,1318,228.2,105.4885421,0,0,0,0,0,0,,
532CPC238_08/02/2017,532CPC238,8/2/17,38.68031,-120.41584,38.68031692,-120.4158392,NA,0,0,0,0,0,0,38.88984,0.054729,0.019201,0.234079,1.08784,4.89051,0,0.4772992,1.136048,0,0.4772992,1.136048,20194926,12,31,54,81,131.2692308,173,255,255,Mountains,Mountain,5,5,920,Unknown,532CPC238,0,0.152918,0.041034722,-1.13133,148.407,NA,2332,1.98,44.1,11.4286,NA,1389.04,2.5515,0,7.23404,0.00943123,CAMP,NA,,NA,0.222622,1,2,6,0,19.90186,0,0,80,0,123042.1,5.58678,SNws,SN,SNws,5,6.386279,4.125508,4.02284,0.01907,NA,1412,3881.45,1850,264.809,100.896,0,0.2561118,0.3563165,0,0.2561118,0.3563165,80.2017,Stressed
532WS0419_08/15/2017,532WS0419,8/15/17,38.33537,-120.28322,38.3353229,-120.2831929,,0,0,0,0,0,0,4.8195,0.04641857,0.015431607,0.216195191,1.035569167,5.299884796,0,0,0,0,0,0,17057298,23,35,67,128.0833333,161,290,343.2,343.2,,,,,345,,,0,,,-0.889248729,150,,1851,,,11.33333333,,1413,6.2,0,2.864789009,0.00943299,,,,,0.244308173,0,0,0,0,0.159841352,0,0,0,,130935.7031,6.345749784,,,,,1.510682328,0.972087815,0.972087815,0.016186999,,1506,2886.319971,1612,280.4,79.74777222,0,0,0,0,0,0,,
534SED001_07/25/2017,534SED001,7/25/17,38.407354,-119.7993617,38.4073554,-119.79934,TRUE,0,0,0,0,0,0,38.43766,0.062,0.0118,0.2379,1.2798,4.412,0,0,0,0,0,0,346373,7,10,30,52,75,113,161,161,Mountain,Mountain,5,5,1140,Perennial,SEDTMDL_1,0,0.1626,0.041054398,-1.4082,174.2308,27.26305,3020,0.55,116.2,12.5333,NA,1282.611,2.1861,0,17.4889,0.0094,ARNOT CR,3,Perennial,0.0292,0.1995,0,0,0,0,70.71345,0,0,29,0,111048,7.3767,SNws,SN,SNws,5,0,0,0,0.0228,TRUE,1880,5048.458,1268,222.7111,130.461,0,0,0,0,0,0,90.3333,Reference
534SPC227_07/24/2017,534SPC227,7/24/17,38.2009,-120.24876,38.20090277,-120.24876,NA,0,0,0,0,0,0,20.30773,0.041777,0.012991,0.203334,1.17889,4.60581,0,0,0,0,0,0,344927,23,27,41,72.33333333,126.25,243,343.5,343.5,Mountains,Mountain,5,5,457,Unknown,534SPC227,0,0.182972,0.041034722,-1.29968,141.921,NA,1688,1.36,82.9,10.6825,NA,1170.39,2.33363,0,5.65217,0.00943011,SOAP CREEK,NA,,NA,0.20887,0,0,2,0,100,0,0,0,0,120187,4.56451,SNws,SN,SNws,5,15.3073,3.87795,2.931242,0.021075,NA,1231,2479.15,1739,302.609,115.602,0,0,0,0,0,0,71.2064,Stressed
536RCCACR_07/26/2017,536RCCACR,7/26/17,38.1125,-119.9511,38.11272103,-119.9511623,,0,0,0,0,0,0,5.6439,0.038844524,0.010685053,0.193051005,1.223055003,4.480060988,0,0,0,0,0,0,17076389,7,25,40.74074074,60,121,248.5,400,400,,,,,456,,,0,,,-1.374040951,145.0526316,,2376,,,9.473684211,,1215.692308,5.714285714,0,2.237397887,0.00942954,,,,,0.201911017,0,0,0,0,0.169498099,0,0,0,,103197.7031,6.139825987,,,,,0,0.170662686,0.170662686,0.021960253,,1920,4111.383301,1489.699951,239.4285714,122.0984309,0,0,0,0,0,0,,
536SED006_08/08/2016,536SED006,8/8/16,37.90501576,-119.9966407,37.9055389,-119.99696,TRUE,0,0,0,0,0,0,48.49139,0.03636667,0.03636667,0.1885667,1.405,4.993067,0,0,0,0,0,0,17081693,23,27,59,156.25,259,433,637.6,637.6,Mountain,Mountain,5,5,1045,Perennial,536SED006,0,0.2240333,0.04103588,-1.288433,126.5312,21.04905,2107,0.41,59.7,9.524333,NA,1066.892,2.130367,0,3.3785,0.03356667,Jawbone Creek,3,Perennial,0.0894,0.1485333,0,3,12,0,56.81485,0,62.12344,0,0,102557.2,3.7508,SNws,SN,SNws,5,0,0.7738139,1.447459,0.041,TRUE,1062,2116.023,2000,304.6047,142.4882,0,0,0,0,0,0,58.03873,Reference
540DTC352_08/09/2016,540DTC352,8/9/16,37.32204943,-119.2855978,37.32193386,-119.2855499,,0,0,0,0,0,0,9.1143,0.04235584,0.012254705,0.202592706,1.440963837,3.883015301,0,0,0,0,0,0,17115183,7,10,25,41,78,170,263,263,,,,,1486,,,0,,,-1.664107957,159.8666667,,2886,,,12.06666667,,1195.6,5.538461538,0,1.844960553,0.011088052,,,,,0.171202448,1,1,1,0,0.128833279,0,0,0,,88724.70313,15.58044476,,,,,1.164309223,0.128672411,0.125454642,0.026875565,,1400,2594.083398,1884.5,223.4615385,151.0730854,0,0,0,0,0,0,,
540KSR052_08/04/2016,540KSR052,8/4/16,37.3582,-119.24443,37.35819331,-119.2444253,,0,0,0,0,0,0,71.3808,0.043396428,0.012218112,0.204410825,1.465428718,2.673498203,0,0,0,0,0,0,17115107,7,11,30,46,84,178,259,259,,,,,1518,,,0,,,-1.476307202,166.1205357,,3129,,,12.03125,,1154.427711,4.702380952,0,1.365870157,0.319920516,,,,,0.146941243,0,1,2,0,0.125020087,0,0,0,,91865.39844,17.35103774,,,,,0.533497665,0.31167853,0.313797605,0.024006262,,1611,2934.619251,1735.199951,226.7142857,100.3169218,0,0,0,0,0,0,,
540SJS336_08/10/2016,540SJS336,8/10/16,37.326957,-119.0293373,37.32697824,-119.0293043,,0,0,0,0,0,0,672.4773,0.048657321,0.012780505,0.215663713,1.425770909,3.615909171,0,0.014695509,0.000669168,0,0.014695509,0.000669168,17115165,7,10,20,39,69,160.2,262,262,,,,,2227,,,0.189764526,,,-1.569930784,189.6283784,,4220,,,12.66602317,,1087.042373,5.405707196,0,1.684502741,0.108296822,,,,,0.157927278,0,4,11,0,0.104331192,0,0,0,,88885.89844,15.07558619,,,,,0.325742443,0.423063036,0.030692032,0.029993914,,1993,2651.208208,1401.5,168.337469,134.3010384,0,0.029391018,0.001338335,0,0.029391018,0.001338335,,
554NMCCVD_10/01/2016,554NMCCVD,10/1/16,36.20133,-118.27232,36.20143713,-118.2722126,,0,0,0,0,0,0,4.5963,0.067921379,0.016942821,0.270351124,1.440903407,3.887515068,0,0,0,0,0,0,14970721,10.24,26,80,121,167.75,300,461,461,,,,,300,,,0,,,-1.724435329,152.4285714,,2832,,,9,,667.1818182,4,0,1.783936977,0.009427,,,,,0.170629993,0,0,0,0,0.125,0,0,0,,54834.89844,17.67100039,,,,,0,0,0,0.026133001,,2532,1550.880029,1275.400024,205.6666667,152.708313,0,0,0,0,0,0,,
554NMCCVM_10/01/2016,554NMCCVM,10/1/16,36.19894,-118.26694,36.19971426,-118.2682341,,0,0,0,0,0,0,4.4019,0.067938812,0.016946598,0.27039745,1.448633152,3.887515068,0,0,0,0,0,0,14970721,10.27272727,28,82.75,122,168,316,461,461,,,,,289,,,0,,,-1.724435329,151.2666667,,2832,,,9,,668,4,0,1.783936977,0.009427,,,,,0.170629993,0,0,0,0,0.125,0,0,0,,58508.80078,16.52926345,,,,,0,0,0,0.026133001,,2543,1545.366699,1147.900024,205.2,152.708313,0,0,0,0,0,0,,
634MKCBLG_08/18/2016,634MKCBLG,8/18/16,39.01894738,-120.153041,39.0189474,-120.15304,TRUE,0,0,0,0,0,0,14.18754,0.0592,0.0146,0.2199,1.3765,4.2456,0,0,0,0,0,0,8941743,7,9.125,15,31,45,74,134,134,Mountain,Mountain,5,5,795,Perennial,R5BIO-022,0,0.1142,0.041050926,-1.6139,178.7209,6.85504,2831,0.18,29.1,14.3043,NA,1497.438,2.0633,0,8.6667,0.009,Meeks Creek  ,2,Perennial,0.08241,0.1707,0,0,0,0,100,0,0,0,0,126521.4,13.5921,SNcl,SN,SNcl,6,0,0,0,0.0282,TRUE,2036,4506.874,1199,220.1333,157.3678,0,0,0,0,0,0,99.8478,Reference
635PCNA89_08/16/2016,635PCNA89,8/16/16,39.38095934,-120.2383368,39.38101961,-120.2382733,,0,0,0,0,0,0,56.5722,0.052721211,0.017008628,0.20550786,1.423888492,4.806144386,3.340595497,0.272025272,0.098635019,3.340595497,0.272025272,0.098635019,8933718,7,26,52,84,124,220,299.5,299.5,,,,,892,,,0,,,-1.181215744,184.8837209,,2750,,,11.26162791,,1210.106061,12.4057971,0,2.486941542,0.009367387,,,,,0.217052858,1,3,7,0,0.158992577,0,0,94.30970864,,81716.10156,5.241419479,,,,,1.386374752,1.828147215,1.011127969,0.019663952,,1858,4495.701102,1420.300049,235.9130435,105.253535,1.525054466,0.127237627,0.046135735,1.525054466,0.127237627,0.046135735,,
635PS0194_09/08/2016,635PS0194,9/8/16,39.1810856,-120.2140787,39.18120919,-120.2141096,,0,0,0,0,0,0,10.8585,0.055083727,0.0155648,0.208292745,1.298634837,3.930037131,0.179640719,0.513883133,0.513883133,0.179640719,0.513883133,0.513883133,8934064,7,24,47,75,112.7741935,193,258,258,,,,,667,,,0,,,-0.972269812,174.4166667,,2604,,,14.52777778,,1528.88,10.23076923,0,2.152949352,0.20469395,,,,,0.186823507,3,7,7,0,0.145088858,0,0,100,,136495.5938,6.017695738,,,,,4.219000929,1.307212494,1.307212494,0.028070026,,1937,4943.86674,1317.099976,229.3076923,80.97753279,3.832335329,1.085785329,1.085785329,3.832335329,1.085785329,1.085785329,,
719NP7AZC_05/16/2017,719NP7AZC,5/16/17,33.8561,-116.80596,33.85673678,-116.8047149,,0,0,0,0,0,0,6.3945,0.085314737,0.030108025,0.42797562,1.680537158,4.622599125,2.625,3.307529909,3.307529909,2.625,3.307529909,3.307529909,22591995,40.33333333,77,171.0952381,267.5,402.8717949,574,715,715,,,,,963,,,0,,,-3.419075012,133.6363636,,2153,,,7,,639.4375,5.5,0,2.094338894,0.00462,,,,,0.162071005,0,0,0,0,0.142336163,0,0,0,,35696.69922,14.97826921,,,,,0,0.146259174,0.146259174,0.021585001,,1190,3197.283325,2480.699951,297.25,140.6431732,0,0.042223786,0.042223786,0,0.042223786,0.042223786,,
719NP7BNC_05/16/2017,719NP7BNC,5/16/17,33.86821,-116.77257,33.86807372,-116.772727,NA,0,0,0,0,0,0,4.110689,0.086857,0.030089,0.429477,1.54537,4.6226,0,0.4161191,0.4161191,0,0.4161191,0.4161191,22591845,34,51,96,164,229.25,461,637,637,Mountains,Mountain,8,8,1317,Unknown,719NP7BNC,0,0.097615,0.041042824,-3.41908,142.75,NA,2407,0.33,219,7.91667,NA,660.8,2.09434,0,3.8,0.00462,Browns Creek,NA,,NA,0.162071,0,0,0,0,100,0,0,0,0,35696.7,8.587,DMde,DM,DM,7,0,0.5854468,0.5854468,0.021585,NA,1090,3582.13,2481,281,140.643,0,0.08760403,0.08760403,0,0.08760403,0.08760403,49.0833,Reference
719NP7TWP_05/17/2017,719NP7TWP,5/17/17,33.85543,-116.78057,33.85534905,-116.7805625,NA,0,0,0,0,0,0,4.1229,0.086239,0.0301,0.428842,1.65494,4.6226,3.801653,0.9168304,0.9168304,3.801653,0.9168304,0.9168304,22591981,31,52,134,171.3615385,230,441,574,574,Mountains,Mountain,8,8,1107,Unknown,719NP7TWP,0,0.134563,0.041042824,-3.41908,141.769,NA,2308,1.43,157.8,7.30769,NA,696.8,2.09434,0,4.66667,0.00462,TWIN PINES CREEK,NA,,NA,0.162071,0,0,0,0,100,0,0,0,0,35696.7,13.3348,DMde,DM,DM,7,6.611134,2.794436,2.794436,0.021585,NA,1201,3806.98,2481,282.667,140.643,0,0.04365859,0.04365859,0,0.04365859,0.04365859,47.3846,Stressed
801CYC398_06/09/2016,801CYC398,6/9/16,34.13646,-117.18965,34.1364652,-117.1896772,TRUE,0,0,0,0,0,0,56.46695,0.061166,0.031185,0.395327,1.57642,3.67606,20.48682,5.088121,4.918712,20.35159,5.063228,4.918712,22555802,31,77,200,271,394,562.2647059,947.5,947.5,Xeric,Xeric,6,85,1509,Unknown,801CYC398,0,0.155727,0.041090278,-1.5521,92.6358,0.05315,1961,3.25,489,6.5407,NA,737.57,1.63901,0,3.85714,0.0336515,,1,Intermittent,0.17607,0.156046,4,9,14,100,0,100,0,0,0,31116.6,8.48809,SCx,SC,SCx,8,6.002607,1.034467,1.711257,0.031972,TRUE,452,1283.75,2650,308.214,143.415,17,2.568954,1.627351,17,2.613761,1.651259,38.7674,Stressed
801M12641_05/19/2016,801M12641,5/19/16,33.69439,-117.8818,33.69422,-117.88292,NA,0,0,0,0,0,0,2.7940113,0.0547013,0.0315696,0.38453227,1.56906972,1.517079,2.54872564,4.12238325,4.12238325,2.54872564,4.05797101,4.05797101,20355352,45,72,238,394,606.6666667,1047.93617,1161.769231,1000,,Xeric,NA,NA,8,,801M12641,0,0.28099999,0.034768519,2.10662055,0,NA,19,3.83,3211,5.22222222,3.83,331.1666667,0,0,0.963552,0.84543103,,NA,,NA,0.125222,5,8,8,100,0,100,0,0,100,26479.59961,5.83799982,SCx,SC,SCx,NA,17.1885289,15.20287217,15.20287217,0.11041,NA,11,362.1777852,2293,271.25,2.22647691,97,95.23349436,95.23349436,97,95.2979066,95.2979066,29.22222222,Stressed
801M15378_06/16/2016,801M15378,6/16/16,34.24492,-117.50839,34.2443084,-117.5072044,,0,0,0,0,0,0,28.5678,0.052561192,0.031765231,0.382841355,1.553406617,3.591202694,1.954177898,0.804643187,0.384348812,1.954177898,0.804643187,0.384348812,22557786,37,78,218.6153846,260.1111111,300,405.3529412,638.2857143,638.2857143,,,,,1776,,,0,,,-1.466545557,88.81609195,,2728,,,10.22988506,,1183.528571,2.228571429,0,2.020621361,0.015459998,,,,,0.157268317,1,2,2,7.12654997,0.124805879,7.12654997,0,0,,71418.79688,8.228203176,,,,,1.044323584,0.287628756,0.137547844,0.03251858,,952,1215.705552,2184.800049,281,144.1034311,0.606469003,0.204458515,0.097662403,0.606469003,0.204458515,0.097662403,,
801M15414_06/15/2016,801M15414,6/15/16,34.18748,-117.18457,34.18666816,-117.1851927,,0,0,0,0,0,0,21.5712,0.060400892,0.031237242,0.394120591,1.592800849,3.812321852,2.440441604,0.328761976,2.132009346,2.440441604,0.328761976,2.123664887,22555238,51,139,218.9310345,314,400,569.5,919,919,,,,,1043,,,0,,,-1.569638212,102.0757576,,1791,,,6.757575758,,775.244898,3.62962963,0,1.680165552,0.015087245,,,,,0.161337959,1,4,4,100,0.179866693,100,0,0,,43635.39844,8.978153947,,,,,1.967803538,0.498206287,0.803032042,0.03392776,,748,1271.373006,2325.199951,311.0740741,140.9378714,0.522951772,0.056359196,0.262850467,0.522951772,0.056359196,0.271194927,,
801M15424_06/14/2016,801M15424,6/14/16,33.991819,-117.599585,33.99079113,-117.5995497,,63.41463415,18.01905862,0.74608574,63.41463415,18.01905862,0.74608574,150.5457,0.052504808,0.031769389,0.382784955,1.650486491,2.064525422,18.81533101,15.46347098,14.1170422,18.81533101,14.32284147,12.95546801,22563070,47,125.5,255.7692308,394,497.9,816.8181818,967,967,,,,,2491,,,0.055180939,,,1.009456885,55.63906582,,2698,,,6.265957447,,646.8689459,0.335135135,0,1.22279299,0.593684357,,,,,0.12983831,1,15,226,56.31478215,0.203101457,56.31478215,0,0,,30965.40039,10.58213749,,,,,1.13775183,6.767224368,6.553296684,0.085865746,,207,655.1640563,2664.699951,322.0864865,46.45683582,17.77003484,62.64799307,46.83899972,17.77003484,65.46347098,48.78073568,,
801M16908_05/24/2016,801M16908,5/24/16,33.91829,-117.63602,33.91795042,-117.6377466,NA,18,44,10,18,39,9,238.4037,0.05267019,0.03175744,0.3829828,1.66021029,1.86096961,19.37069813,25.89020772,15.67878351,19.37069813,21.55456644,13.55264201,22560628,47,91,256.25,400,562.3333333,881,1107.571429,1000,,Xeric,NA,NA,2545,,801M16908,0,0.21189094,0.034768519,1.41751956,52.2826087,6.56292,2698,1.43,1243,5.88451087,1.43,564.5259259,0.23183391,0,1.12586755,0.68579385,Mill Creek,4,Intermittent,0.00039,0.12811948,1,5,234,72,27.58607228,72,0,0,7,26772.19922,10.94071497,SCx,SC,SCx,NA,0.91364255,3.17495654,6.72695447,0.09499424,NA,153,550.1939444,2659,326.8269896,30.0041423,5,9.09165842,47.11978044,5,21.14243323,51.68237741,32.23641304,Stressed
801M16916_05/25/2016,801M16916,5/25/16,33.96417,-117.48812,33.96417,-117.49156,NA,0,0,1,0,0,1,2287.90806,0.0651587,0.03098467,0.40075784,1.61551784,3.57161213,0.68597561,19.41302028,11.16177135,0.68597561,18.41337602,10.71464117,22560452,48,150,249,348.8,439,635.5882353,788,788,,Xeric,NA,NA,3283,,801M16916,0,0.18483613,0.034768519,-0.11110612,87.54893617,0.94442,3480,1.41,1043,7.37111206,1.41,606.9380157,2.39927405,0,1.71064092,0.35612219,Sant Ana River,2,,5.00E-05,0.13805485,NA,31,2147,63,37.15450858,63,0,0,12,25406.09961,8.77616385,SCx,SC,SCx,NA,0,7.29334285,3.65482901,0.06908663,NA,197,1641.887064,2685,311.862069,80.86718899,4,60.53361793,20.40012762,4,62.10245464,21.40300371,42.94134356,Stressed
801RB8085_06/08/2016,801RB8085,6/8/16,NA,NA,34.04953875,-117.2326774,TRUE,8,3,3,8,3,3,310.701,0.071199,0.030546,0.410507,1.64562,2.35799,28.29561,10.94125,12.64833,17.11052,9.667322,12.64833,22557960,32,79,219,330,432.0769231,638.8461538,827.75,827.75,Xeric,Xeric,6,85,2328,Unknown,801STW085,0,0.234538,0.041086806,0.556568,86.1589,5.8273,2688,NA,856,7.43347,NA,507.904,1.16319,0,4.85676,0.47326,,4,Intermittent,0.01046,0.124358,5,19,357,55,45.11882,54,0,0,0,27859.1,5.55507,SCx,SC,SCx,8,13.01275,3.568301,3.410721,0.081469,TRUE,360,1394.58,2682,334.576,56.5873,61,14.9596,11.50515,73,16.60479,12.72076,42.7339,Stressed
801RB8598_06/14/2016,801RB8598,6/14/16,34.119657,-117.54008,34.11946838,-117.5410404,NA,0,0,0,0,0,0,23.6286,0.05257,0.031765,0.382861,1.61247,2.83625,19.89882,15.60805,4.452655,19.73019,15.60805,4.452655,22557906,31,88,219,300,402.2857143,588,999,999,Xeric,Xeric,6,85,2286,Unknown,SMCR8_598,0,0.184503,0.041091435,-0.366879,66.4583,NA,2682,4.38,889,7.11111,NA,908.648,1.44994,0,0.466667,0.295968,,NA,,NA,0.140173,11,43,50,16,83.61394,16,0,0,0,40103.7,9.01352,SCx,SC,SCx,8,13.20334,6.37617,2.644251,0.055291,NA,396,943.104,2591,312.267,100.901,78,42.76465,10.01752,78,43.63955,10.21559,38.8611,Stressed
801S03488_05/24/2017,801S03488,5/24/17,34.248016,-117.626851,34.248016,-117.62685,FALSE,0,0,0,0,0,0,8.934148,0.0524,0.0318,0.3827,1.546867,3.226733,0,0,0,0,0,0,22554684,10,26,53,111,206,372.3333333,404,404,Mountain,Mountain,8,8,1093,Unknown,801S03488,0,0.1149333,0.041077546,-1.248867,92.22223,0.37408,2722,1.02,247.8,11.5862,NA,1128.211,2.093733,0,4.8,0.02016667,ICEHOUSE CANYON,2,Perennial,0.11596,0.1449,0,0,0,0,100,0,0,0,0,87397.6,8.7654,SCm,SC,SCm,8,0,0.04056033,0.04056033,0.03563333,FALSE,1629,1225.58,1753,251.9,138.4742,0,0,0,0,0,0,62.6897,Reference
801SAMI1x_05/23/2017,801SAMI1x,5/23/17,34.0827,-116.8937,34.08306905,-116.895018,,0,0,0,0,0,0,15.6735,0.081502569,0.030032221,0.423925149,1.537038428,3.495652917,0.36101083,0.129808827,0.126327878,0.36101083,0.129808827,0.126327878,22558964,14,31,56,121,219,400,616,616,,,,,1596,,,0,,,-1.762231813,128.3191489,,3411,,,9.787234043,,1023,4.45,0,1.547992657,0.006563324,,,,,0.140191742,1,1,1,0,0.096170382,0,0,0,,62987.30078,8.618939284,,,,,1.39949934,0.121235678,0.15699453,0.023820253,,1815,3556.901815,1632.900024,234.05,156.5810859,0.451263538,0.041302809,0.040195234,0.451263538,0.041302809,0.040195234,,
801SARBFC_05/10/2016,801SARBFC,5/10/16,34.16901682,-116.8208697,34.16867643,-116.8223083,,0,0.07406749,0.04105227,0,0.07406749,0.04105227,81.1161,0.086707164,0.029967479,0.428154557,1.56280289,5.730107465,3.764204545,1.137676651,1.115068402,3.764204545,1.137676651,1.115068402,22558780,20,33,78,151,261.5333333,403,635.2,635.2,,,,,1202,,,0,,,-1.181768681,120.6653543,,3137,,,8.543307087,,846.4677419,1.64,0,2.019796507,0.097010256,,,,,0.144105196,0,6,17,0,0.111353266,0,0,0,,45506.19922,9.420944561,,,,,0,0.19428908,0.369141918,0.041788473,,1935,3445.584834,1681.300049,240.31,135.6926988,1.278409091,0.245904068,0.271832596,1.278409091,0.245904068,0.271832596,,
801STW207_06/16/2016,801STW207,6/16/16,33.9747,-117.093,33.9749138,-117.09282,TRUE,38,9,2,38,9,2,126.7553,0.0742,0.0304,0.4148,1.6458,2.2652,2.451253,11.04753,15.019,2.451253,11.01945,15.019,22560402,31,75,218.1111111,320,427,638.5714286,843.8,843.8,Xeric,Xeric,6,85,2089,Perennial,SMCR8_207,0,0.2358,42625.66597,0.6683,91.6583,2.75597,2687,1.23,750,7.2655,NA,536.4452,1.1084,1,5.5442,0.5121,,3,Intermittent,0.01776,0.1235,1,12,160,71,29.16288,70,0,0,0,31792.7,5.1687,SCx,SC,SCx,8,0.6511325,2.393753,3.383655,0.0827,TRUE,598,1481.568,2640,335.6122,53.7828,2,6.698027,9.850513,2,9.12027,11.56695,42.5037,Intermediate
801STW258_06/09/2016,801STW258,6/9/16,34.0138836,-117.1784404,34.0138836,-117.1784404,TRUE,7,5,3,7,5,3,290.6249,0.071951,0.030499,0.411617,1.64655,2.32158,23.35329,8.731657,12.89557,23.27844,8.731657,12.89557,22556328,31,76,218.2777778,320,429.1428571,638.4347826,837,837,Xeric,Xeric,6,85,2248,Unknown,801STW258,0,0.232557,0.041087963,0.598312,87.893,5.34637,2688,1.55,777,7.45323,NA,525.536,1.16141,0,5.15143,0.483783,,4,Intermittent,0.01251,0.124386,2,22,328,52,48.23558,51,0,0,0,28015,5.56903,SCx,SC,SCx,8,5.225444,1.901784,3.47862,0.081502,TRUE,440,1396.89,2654,333.009,56.3833,19,4.94551,11.61723,19,4.952135,12.84757,43.0245,Stressed
801WE1008_06/29/2016,801WE1008,6/29/16,34.180975,-116.912494,34.1809747,-116.91249,TRUE,0,0,0,0,0,0,15.84926,0.0805,0.0301,0.4224,1.5616,2.4901,3.034901,3.575119,1.963678,3.034901,3.575119,1.963678,22558750,15,25,53,86,176,400,474,474,Mountain,Mountain,8,8,1582,Perennial,801WE1008,0,0.1252,0.041094907,-0.0832,151.2128,2.30657,3251,0.58,155.3,10.0625,NA,882.9167,1.208,0,3.7619,0.3676,,2,Perennial,0.0929,0.1236,0,8,8,5,95.47576,4,0,0,0,54338.7,10.0837,SCm,SC,SCm,8,0,1.26329,0.9982431,0.0609,TRUE,1669,4438.435,1805,241.1429,90.4399,0,0.07232899,0.03972758,0,0.07232899,0.03972758,62.9375,Reference
901NP9BWR_04/01/2016,901NP9BWR,4/1/16,33.53063,-117.42908,33.5289858,-117.42748,TRUE,0,0,0,0,0,0,13.1582,0.0625,0.0625,0.3956,1.5678,4.618733,0,0.0524109,1.060917,0,0.0524109,1.060917,20348769,67,177,349.7037037,406.9852941,562.9878049,893.5,1160.090909,1000,Xeric,Xeric,6,85,667,Perennial,901BLUWAT,0,0.2886,0.041042824,-1.498033,58.17213,0.2315,985,0,1161,6,NA,494.877,2.886467,0,0,0.05333333,Bluewater,2,Intermittent,0.03211,0.1381333,0,0,1,0,100,0,0,0,0,33980.7,4.007733,SCx,SC,SCx,9,0,0.01507908,0.261507,0.032,TRUE,318,592.3145,2460,299.7532,124.3792,0,0,0,0,0,0,35.1306,Intermediate
901NP9FLC_04/20/2016,901NP9FLC,4/20/16,33.67583,-117.53655,33.67595868,-117.5366404,NA,0,0,0,0,0,0,2.812089,0.057483,0.031478,0.389138,1.565,4.51766,0,0,0,0,0,0,20348203,77,177,348.5454545,394,460.2222222,640,1060.818182,1000,Xeric,Xeric,6,85,1129,Unknown,901NP9FLC,0,0.297,0.041042824,-1.33606,63.7,NA,1603,0.28,1239,6.8,NA,590.167,2.93303,0,1,0.0624243,Falls Creek,NA,,NA,0.123813,0,0,0,0,0,0,100,0,0,37770.8,3.883,SCx,SC,SCx,9,0,0,0,0.028473,NA,474,1496.04,2435,318.5,120.069,0,0,0,0,0,0,41.6,Intermediate
901NP9FLC_05/10/2017,901NP9FLC,5/10/17,33.67583,-117.53655,33.67595868,-117.5366404,NA,0,0,0,0,0,0,2.812089,0.057483,0.031478,0.389138,1.565,4.51766,0,0,0,0,0,0,20348203,77,177,348.5454545,394,460.2222222,640,1060.818182,1000,Xeric,Xeric,6,85,1129,Unknown,901NP9FLC,0,0.297,0.041042824,-1.33606,63.7,NA,1603,0.28,1239,6.8,NA,590.167,2.93303,0,1,0.0624243,FALLS CREEK,NA,,NA,0.123813,0,0,0,0,0,0,100,0,0,37770.8,3.883,SCx,SC,SCx,9,0,0,0,0.028473,NA,474,1496.04,2435,318.5,120.069,0,0,0,0,0,0,41.6,Intermediate
901NP9HJC_04/18/2016,901NP9HJC,4/18/16,33.68461,-117.51474,33.684556,-117.5147798,NA,0,0,0,0,0,0,7.76715,0.057517,0.031474,0.389255,1.56648,4.7898,0,1.564129,1.564129,0,1.564129,1.564129,20348197,72,171.1111111,322,382,441,637.7333333,871,871,Xeric,Xeric,6,85,1151,Unknown,901NP9HJC,0,0.2927,0.041042824,-1.3401,67.375,NA,1735,1.45,850,7.58333,NA,623.278,2.98589,0,2.7,0.0480752,Holy Jim,NA,,NA,0.157152,0,0,0,0,34.23938,0,65.76062,0,0,45221.4,3.96275,SCx,SC,SCx,9,2.52951,1.812489,1.812489,0.040465,NA,584,2078.06,2455,321.4,128.041,0,0,0,0,0,0,46.1667,Intermediate
901S00469_05/09/2017,901S00469,5/9/17,33.52999,-117.408551,33.5298794,-117.40905,TRUE,0,0,0,0,0,0,99.18784,0.0639,0.0311,0.3977,1.5885,5.2102,0,1.34249,5.79384,0,1.34249,5.79384,20348759,32,171.875,366.5,426.6,561.736,864.2,1147.75,1000,Xeric,Xeric,6,85,741,Perennial,SMC00469,0,0.2524,0.041071759,-2.7196,61.1541,1.74083,1081,0,865,6,0,441.8969,2.6892,0,0.0342,0.0104,SAN MATEO CANYON,3,Intermittent,0.0219,0.1665,0,2,45,0,100,0,0,0,0,33980.7,4.9844,SCx,SC,SCx,9,0,0.3124656,1.511652,0.0266,TRUE,340,722.923,2460,315.0342,149.8104,0,0,0.1551921,0,0,0.1560997,33,Reference
902M20173_06/07/2016,902M20173,6/7/16,33.40528246,-117.1809655,33.40612108,-117.1823033,NA,0,4,3,0,4,3,21.7188,0.07355991,0.03078337,0.41013739,1.61362727,4.76519116,4.01574803,18.21547909,11.35836234,4.01574803,17.67362052,11.00613294,22549103,51,135,288,403.7837838,474,715,979,979,,Xeric,NA,NA,479,,902M20173,0,0.21125425,0.034768519,-3.19443897,65.26865672,0.03991,737,0.73,2063,5.19402985,0.73,480.1,0.96551724,0,2.25993961,0.0073016,Rainbow Creek,2,Intermittent,0.02151,0.16198212,NA,19,26,0,100,0,0,0,45,31182.30078,6.66851097,SCx,SC,SCx,NA,1.58883391,4.42999116,3.238182,0.02303981,NA,258,807.4565217,2470,317.1034483,142.5547038,1,17.01435925,9.26156141,1,17.55621783,9.61379082,31.01492537,Intermediate
902WE0888_06/06/2016,902WE0888,6/6/16,33.454171,-117.30288,33.4541711,-117.30288,TRUE,21,35,27,21,35,27,25.43247,0.068,0.031,0.4031,1.5855,5.1311,8.723898,7.226277,5.478725,8.723898,7.226277,5.478725,22548347,37,177,382,441,571.2523364,919,1163.941176,1000,Xeric,Xeric,6,85,493,Perennial,902WE0888,0,0.2647,0.041094907,-2.6196,53.0385,0.20129,634,0.71,2023,6,0.45,451.7069,2.7455,0,0,0.0161,De Luz Creek,2,Perennial,0.0126,0.1774,1,7,9,0,100,0,0,0,0,29613.1,4.7961,SCx,SC,SCx,9,2.622325,2.102737,1.642975,0.0259,TRUE,141,567.2389,2475,311.1786,142.8959,0,0.2128954,0.1556255,0,0.2128954,0.1556255,31.8462,Intermediate
903ACPCT1_05/05/2016,903ACPCT1,5/3/17,33.29595,-116.63863,33.2968568,-116.63839,TRUE,0,0,0,0,0,0,46.0832,0.0959,0.0307,0.4345,1.5537,4.2439,0,0.122636,1.242066,0,0.122636,1.242066,20343195,37,88,218.6964286,354,441,636.1666667,955,955,Mountain,Mountain,8,8,1052,Nonperennial,903ACPCT1,0,0.1985,0.041043981,-2.729,105.8099,0.15903,1970,0,639,6.15,0,554.4808,2.1323,0,3.2963,0.0055,AGUA CALIENTE CREEK,2,Intermittent,0.01779,0.1544,0,0,5,0,100,0,0,0,0,43934.1,8.2002,SCm,SC,SCm,9,0,0.04263921,0.4917044,0.0259,TRUE,918,3184.088,2355,300.1852,144.6429,0,0.00645453,0.07030563,0,0.00645453,0.07030563,38.0071,Reference
903ACPCT1_05/03/2017,903ACPCT1,5/5/16,33.29595,-116.63863,33.2968568,-116.63839,TRUE,0,0,0,0,0,0,46.0832,0.0959,0.0307,0.4345,1.5537,4.2439,0,0.122636,1.242066,0,0.122636,1.242066,20343195,37,88,218.6964286,354,441,636.1666667,955,955,Mountain,Mountain,8,8,1052,Nonperennial,903ACPCT1,0,0.1985,0.041043981,-2.729,105.8099,0.15903,1970,0,639,6.15,0,554.4808,2.1323,0,3.2963,0.0055,Agua Caliente at PCT 1,2,Intermittent,0.01779,0.1544,0,0,5,0,100,0,0,0,0,43934.1,8.2002,SCm,SC,SCm,9,0,0.04263921,0.4917044,0.0259,TRUE,918,3184.088,2355,300.1852,144.6429,0,0.00645453,0.07030563,0,0.00645453,0.07030563,38.0071,Reference
903ACPCT2_05/05/2016,903ACPCT2,5/5/16,33.30332,-116.63567,33.2968568,-116.63839,TRUE,0,0,0,0,0,0,46.0832,0.0959,0.0307,0.4345,1.5537,4.2439,0,0.122636,1.242066,0,0.122636,1.242066,20343195,37,88,218.6964286,354,441,636.1666667,955,955,Mountain,Mountain,8,8,1052,Nonperennial,903ACPCT1,0,0.1985,0.041043981,-2.729,105.8099,0.15903,1970,0,639,6.15,NA,554.4808,2.1323,0,3.2963,0.0055,Agua Caliente at PCT 2,2,Intermittent,0.01779,0.1544,0,0,5,0,100,0,0,0,0,43934.1,8.2002,SCm,SC,SCm,9,0,0.04263921,0.4917044,0.0259,TRUE,918,3184.088,2355,300.1852,144.6429,0,0.00645453,0.07030563,0,0.00645453,0.07030563,38.0071,Reference
903NP9LWF_05/18/2016,903NP9LWF,5/18/16,33.30962,-116.77768,33.30855807,-116.7767247,NA,0,0,0,0,0,0,47.781,0.08622831,0.03060964,0.42471579,1.55717162,4.27429818,0,0.45822677,1.53324543,0,0.45822677,1.53324543,20343171,31,75,187,267.2,406.5818182,567.4375,837,837,,Mountain,NA,NA,957,,903NP9LWF,0,0.19112184,0.032113426,-2.80862799,122.5202703,NA,1870,0,390,6.41216216,NA,685.3333333,2.13135068,0,4.22807018,0.00605839,Lower West Fork SLR 1,NA,,NA,0.15522233,0,0,9,0,100,0,0,0,0,56086,9.0947025,SCm,SC,SCm,9,0,0.41361904,0.73529416,0.02555785,NA,913,3112.440808,2292,304.8421053,143.5486371,0,0.00532822,0.01318516,0,0.00532822,0.01318516,40.68918919,Reference
903NP9PRC_04/20/2016,903NP9PRC,4/20/16,33.26041,-116.80917,33.2604149,-116.8090368,NA,0,0,0,0,0,0,3.78002,0.08895,0.030728,0.426787,1.54833,4.6226,0,0,0,0,0,0,20344397,31,75,177,250,382,542.3333333,639,639,Mountains,Mountain,8,8,530,Unknown,903NP9PRC,0,0.195007,0.041043981,-3.41908,117.5,NA,1293,0,331,8,NA,740.571,2.09434,0,4,0.00462,Prisoner Creek,NA,,NA,0.162071,0,0,0,0,100,0,0,0,0,56431.4,7.712,SCm,SC,SCm,9,0,0.4318054,0.4318054,0.021585,NA,763,2405.97,2412,319.6,140.643,0,0,0,0,0,0,47.6667,Reference
903NP9SLR_03/22/2016,903NP9SLR,3/22/16,33.34992,-116.6649,33.34993721,-116.6650801,NA,0,0,0,0,0,0,32.99243,0.09358,0.030606,0.432509,1.59256,4.43924,4.103967,2.983799,2.33757,4.103967,2.983799,2.33757,20343009,44,77,218.8571429,382,441,634.9473684,955,955,Mountains,Mountain,8,8,784,Unknown,903NP9SLR,0,0.174587,0.041043981,-3.08487,110.269,NA,1869,0.14,1293,6.70192,NA,564.282,2.11321,1,3.94595,0.00500915,Indian Flats,NA,,NA,0.158465,1,19,22,0,100,0,0,0,0,44455.8,11.4704,SCm,SC,SCm,9,9.63135,1.265971,1.000018,0.023681,NA,1085,3092.85,2359,304.811,142.636,0,0,0.00272762,0,0,0.00272762,39.7019,Stressed
903NP9UAC_05/04/2016,903NP9UAC,5/4/16,33.32036,-116.62265,33.31905828,-116.6234092,NA,0,0,0,0,0,0,34.2873,0.09611431,0.03068456,0.43474464,1.56324165,4.39144783,0,0.17607634,1.65367352,0,0.17607634,1.65367352,20343125,37,88,218.76,382,461,635.9411765,955,955,,Mountain,NA,NA,912,,903NP9UAC,0,0.19189346,0.032113426,-2.99776038,104.4818182,NA,1948,0.27,396,6.08181818,NA,561.1012658,2.11812473,0,3.17073171,0.00512451,Agua Caliente upper,NA,,NA,0.15732471,0,0,5,0,100,0,0,0,0,43064.89844,8.97311346,SCm,SC,SCm,9,0,0.08465912,0.7079398,0.0242273,NA,1036,3116.467617,2213,298,143.1558325,0,0.05679882,0.10237027,0,0.05679882,0.10237027,37.7,Reference
903SLFRCx_05/03/2017,903SLFRCx,5/3/17,33.34398,-116.8817,33.3417803,-116.87746,TRUE,0,0,0,0,0,0,1.283426,0.0838,0.0306,0.4222,1.487,4.5251,5.454545,3.986014,3.986014,5.454545,3.986014,3.986014,20343047,27,46.2,170.5,218.6635514,382,564.375,919,919,Mountain,Mountain,8,8,262,Perennial,903SLFRCx,0,0.224,0.041043981,-3.2895,128,0.00796,1733,2.73,187,5,NA,716,2.1067,0,5,0.0063,FRY CREEK,1,Intermittent,0.06096,0.1595,5,5,5,0,100,0,0,0,0,63262.2,4.299,SCm,SC,SCm,9,1.769751,1.291917,1.291917,0.0227,TRUE,1471,3351.7,2127,298,139.9637,0,0,0,0,0,0,37,Intermediate
903WE0798_05/04/2016,903WE0798,5/4/16,33.3367,-116.828,33.3368651,-116.82934,TRUE,0,0,0,0,0,0,25.61175,0.0853,0.0306,0.4237,1.5305,4.3701,0,2.673574,2.529778,0,2.673574,2.529778,20343057,31,59,171.78125,218.9340659,372,559.125,908,908,Mountain,Mountain,8,8,534,Perennial,903WE0798,0,0.2038,0.04109375,-3.0225,124.4625,0.19923,1808,0,293.1,6.0256,NA,731,2.1234,0,4.6774,0.0061,West Fork SLR up,2,Perennial,0.03033,0.158,0,9,9,0,100,0,0,0,0,59941.9,7.1025,SCm,SC,SCm,9,0,1.106656,1.076302,0.0244,TRUE,1274,3146.441,2161,300.0968,141.0861,0,0.03403419,0.03162222,0,0.03403419,0.03162222,39.141,Reference
903WE0900_05/04/2016,903WE0900,5/4/16,33.3305,-116.815,33.330711,-116.81609,TRUE,0,0,0,0,0,0,34.565454,0.0856,0.0306,0.424,1.5455,4.3837,0,1.21629113,1.92748489,0,1.21629113,1.92748489,20343109,31,63,171.8387097,233.3333333,394,560.9655172,897,897,Mountain,Mountain,8,8,619,Perennial,903WE0900,0,0.1967,0.041094907,-3.0321,123.787,0.56026,1866,0.14,363.6,6.1905,NA,722.7073,2.1213,0,4.6047,0.0058,West Fork SLR down,2,Perennial,0.06553,0.158,0,3,9,0,100,0,0,0,0,59941.89844,8.1414,SCm,SC,SCm,9,0,0.73163122,0.84289254,0.0243,TRUE,1247,3141.3638,2161,301.5814,141.4901,0,0.00652167,0.02344238,0,0.00652167,0.02344238,39.6762,Reference
905SDBDN9_03/29/2016,905SDBDN9,3/29/16,33.09184,-116.89774,33.09303,-116.89707,TRUE,0,0,0,0,0,0,19.78146,0.0875,0.0309,0.4242,1.5922,4.6226,0.7936508,1.613822,2.06059,0.7936508,1.613822,2.06059,20329780,77,169,335.3333333,405.2926829,496.3333333,639.6538462,955,955,Xeric,Xeric,6,85,468,Perennial,905SDBDN9,0,0.2379,0.041043981,-3.4191,75.6885,0.19392,697,0.33,1866,6.2097,NA,442.1875,2.0943,0,1,0.0046,Boden Canyon,2,Intermittent,0.04724,0.1621,0,3,4,0,100,0,0,0,0,31898.7,4.6529,SCx,SC,SCx,9,0.8558086,0.4180344,0.5124597,0.0216,TRUE,229,925.9937,2599,337.5833,140.6432,0,0.01265743,0.00909753,0,0.01265743,0.00909753,36.2258,Intermediate
905SDBDN9_05/04/2017,905SDBDN9,5/4/17,33.09184,-116.89774,33.09303,-116.89707,TRUE,0,0,0,0,0,0,19.78146,0.0875,0.0309,0.4242,1.5922,4.6226,0.7936508,1.613822,2.06059,0.7936508,1.613822,2.06059,20329780,77,169,335.3333333,405.2926829,496.3333333,639.6538462,955,955,Xeric,Xeric,6,85,468,Perennial,905SDBDN9,0,0.2379,0.041043981,-3.4191,75.6885,0.19392,697,0.33,1866,6.2097,NA,442.1875,2.0943,0,1,0.0046,BODEN CANYON CREEK,2,Intermittent,0.04724,0.1621,0,3,4,0,100,0,0,0,0,31898.7,4.6529,SCx,SC,SCx,9,0.8558086,0.4180344,0.5124597,0.0216,TRUE,229,925.9937,2599,337.5833,140.6432,0,0.01265743,0.00909753,0,0.01265743,0.00909753,36.2258,Intermediate
905WE0679_05/04/2017,905WE0679,5/4/17,33.13163,-116.6544,33.131625,-116.65517,TRUE,0,0,0,0,0,0,29.18673,0.0982,0.031,0.4358,1.488,3.3545,1.412714,4.519341,5.06614,1.412714,4.519341,5.06614,20329654,24,41,177,247,354.1538462,554.1052632,639.1,639.1,Mountain,Mountain,8,8,744,Perennial,905WE0679,0,0.2238,0.041092593,-1.1016,111.8736,1.17658,1721,1.5,364,7.4348,NA,778.4849,2.2696,0,7.8235,0.0091,SABTA TSABEK CREEJ,2,Perennial,0.03053,0.137,0,8,14,0,0,0,100,0,0,49484.5,4.3175,SCm,SC,SCm,9,0.5556694,1.09348,1.407922,0.0364,TRUE,977,2956.531,2287,298.6471,151.7879,0,0.0723435,0.1202553,0,0.0723435,0.1202553,47.7935,Reference
907M23327_06/08/2016,907M23327,6/8/16,32.83780429,-116.7897479,32.83892266,-116.7896167,NA,0,0,0,0,0,0,5.9913,0.09976915,0.03137489,0.43622485,1.59109161,4.9030046,37.5,29.63797506,29.63797506,37.5,28.8718642,28.8718642,20332972,75,171.1666667,320,394,499.1428571,638.0540541,779.2727273,779.2727273,,Xeric,NA,NA,325,,907M23327,0,0.24082827,43111.65972,-2.31582969,47.55,0.04093,785,1.38,1837,8,1.38,498.8461539,3.625,0,2.60097408,0.0054404,Alpine Tributary,2,Intermittent,0.06111,0.16269518,3,17,17,0,100,0,0,0,0,33214.19922,5.15899992,SCx,SC,SCx,NA,5.43500682,6.72401756,6.72401756,0.03025328,NA,460,1292.123814,2542,325.375,149.5878279,16,24.09493766,24.09493766,16,24.86104852,24.86104852,45.4,Stressed
907M23330_06/09/2016,907M23330,6/9/16,33.00358378,-116.7022858,33.00327352,-116.7034727,NA,0,0,0,0,0,0,54.0477,0.10040542,0.03118207,0.43767491,1.49989437,5.09215603,0,0.90071923,5.68331307,0,0.90071923,5.68331307,20330036,31,77,188,300,382,635.6363636,780.75,780.75,,Xeric,NA,NA,1263,,907M23330,0,0.22173787,43111.65972,-0.80686704,121.9090909,0.73153,1825,0,803,7.59393939,0,771.8809524,7,0,3.35027157,0.01081593,Cedar Creek,3,Perennial,0.06149,0.16022843,NA,1,42,0,0.05041194,0,99.94958806,0,0,38594.60156,4.56703508,SCx,SC,SCx,NA,0,0.55491566,1.87211436,0.04289328,NA,562,2700.525798,2478,304.2575758,170.1115731,0,0,0.11323331,0,0,0.11323331,50.64848485,Intermediate
907M23331_06/08/2016,907M23331,6/8/16,32.84058559,-116.9077114,32.84042583,-116.9089262,NA,0,8,4,0,8,4,37.2429,0.09591063,0.03127436,0.43180195,1.58145789,3.98409979,14.1493543,17.83122816,21.16671903,14.1493543,17.71029293,21.07247287,20332970,53,150,260.6666667,382,458.6666667,636.1702128,837,837,,Xeric,NA,NA,522,,907M23331,0,0.26060548,43111.65972,-2.48192045,28.72413793,0.18296,673,2.47,2359,7.31034483,2.47,437.9761905,1.54166667,1,2.17092093,0.01062576,Los Coches,3,Intermittent,0.01084,0.14979441,6,54,77,0,100,0,0,0,0,30079.19922,4.64528562,SCx,SC,SCx,NA,10.88294523,6.19495403,5.26197746,0.02880382,NA,151,740.7394747,2562,326.8541667,139.4024668,78,32.63011735,23.37787874,78,32.83615516,23.72344796,43.24137931,Stressed
907NP9OSD_04/19/2016,907NP9OSD,4/19/16,32.84705,-117.05037,32.84705,-117.05037,NA,0,0,0,0,0,0,8.8551,0.08892372,0.03114622,0.4237229,1.538321,1.451148,7.248157,6.681582,6.681582,7.125307,6.630733,6.681582,20331400,47,88,238,382,557.62,1032.513514,1163.941176,1000,,,NA,NA,253,,907NP9OSD,0,0.228287,0.040991898,-0.8514429,11.92857,NA,384,0.17,515,7,NA,364,1.00406,0,1,0.02687928,"Oak Spring, down",NA,,NA,0.1167052,2,2,2,100,0,0,100,0,0,28265.5,5.843588,SCx,SC,SCx,9,1.395912,0.4131331,0.4131331,0.03575468,NA,131,517.6849,2509,312.8182,97.69852,6,2.257704,2.257704,6,2.308553,2.308553,37.64286,Intermediate
907SDBOC2_05/05/2016,907SDBOC2,5/5/16,32.96353,-116.66406,32.9631128,-116.66458,TRUE,0,0,0,0,0,0,62.505,0.1027,0.0313,0.44,1.4916,5.534,8.433735,2.222337,4.381128,8.433735,2.222337,4.381128,20332536,26,47,177,260.4444444,333,598.75,775.75,775.75,Xeric,Mountain,6,8,1161,Perennial,R5BIO-6518,0,0.2221,0.041059028,-0.9663,124.3161,1.4678,1966,0.69,382,7.5959,NA,851.4792,3.5116,3,6.3919,0.0084,"Boulder Creek, SDRPF property",3,Intermittent,0.03482,0.1576,1,1,11,0,62.88089,0,37.11911,0,0,42507.7,4.4135,SCx,SC,SCx,9,0.8491103,0.3688355,1.042269,0.0418,TRUE,805,3231.155,2325,288.2297,173.898,0,0.02578117,0.2188404,0,0.02578117,0.2188404,51.0052,Intermediate
909S00282_04/20/2016,909S00282,4/20/16,32.87185,-116.61372,32.8721851,-116.61394,TRUE,0,0,0,0,0,0,65.67132,0.1058,0.0314,0.4433,1.5503,4.8446,0.4397537,3.430441,3.959812,0.4397537,3.430441,3.959812,20332896,27,63,178,289.4166667,364,526.5,638.2,638.2,Xeric,Mountain,6,8,912,Perennial,SMC00282,0,0.1941,0.041071759,-2.1802,116.6567,2.5968,1976,0,474,8.17,NA,804.3867,2.8002,0,5.6835,0.0113,Sweetwater River,3,Perennial,0.01731,0.1612,0,2,31,0,80.46694,0,19.53303,0,0,47643.9,8.4843,SCx,SC,SCx,9,0,1.206498,1.202981,0.0321,TRUE,1064,3234.124,2288,294.6456,147.5131,0,0,0.1521423,0,0,0.1521423,51.325,Reference
909SWCASR_03/21/2016,909SWCASR,3/21/16,32.94249,-116.55409,32.94185668,-116.553466,NA,0,0,0,0,0,0,3.8484,0.105052,0.031397,0.442567,1.589,4.60399,4.214559,2.595884,2.595884,4.214559,2.595884,2.595884,20332648,24,47,164,238,365,461,634,634,Xeric,Mountain,6,8,435,Unknown,909SWCASR,0,0.176,0.041045139,-3.38515,123.182,NA,1712,0.39,286,7.63636,NA,845.333,2.09625,0,6.2,0.00463137,Stonewall,NA,,NA,0.161966,0,0,0,0,100,0,0,0,0,55766.9,11.125,SCx,SC,SCx,9,0,0,0,0.021798,NA,1277,3439.25,2010,291.2,140.845,0,0,0,0,0,0,52.7273,Reference
911COPPER_05/02/2017,911COPPER,5/2/17,32.5616,-116.8291,32.5630219,-116.82907,FALSE,0,0,0,0,0,0,8.233915,0.1054,0.0318,0.4419,1.565,5.2781,0,1.676529,1.676529,0,1.676529,1.676529,20325695,104,209,355.5,407.1,527.5,715.5,1024,1000,Xeric,Xeric,6,85,896,Unknown,911COPPER,0,0.297,0.041045139,-0.9115,43.84613,NA,1076,0.59,903,7.04,NA,468.9445,3.2606,0,1.9167,0.0354,COPPER CANYON,NA,Intermittent,NA,0.2092,0,0,0,0,0,0,0,100,0,37132.2,3.883,SCx,SC,SCx,9,0,0.3418611,0.3418611,0.0644,FALSE,180,872.5383,2503,327.1667,138.6779,0,0.02191541,0.02191541,0,0.02191541,0.02191541,40.2,Reference
911KCKCRX_04/19/2016,911KCKCRX,4/19/16,32.78747,-116.45161,32.7874036,-116.451,TRUE,0,0,0,0,0,0,6.8895,0.1146,0.1146,0.4534333,1.589,4.6226,0.7532957,2.260778,2.246897,0.7532957,2.260778,2.246897,20325113,26,60,171.4137931,289,403.0816327,496.3333333,630.5,630.5,Xeric,Mountain,6,8,480,Perennial,911KCKCRX,0,0.176,0.041045139,-3.4191,127.9192,0.31319,1785,0.32,600,8.333333,NA,721.7516,2.0943,0,5.5926,0.0046,"Kitchen, up",1,Perennial,0.06087,0.1621,1,1,1,0,100,0,0,0,0,53131.7,11.125,SCx,SC,SCx,9,0.6437917,0.5352604,0.5320774,0.0216,TRUE,1305,3943.3,2037,292.6667,140.6432,0,0.02628812,0.02612671,0,0.02628812,0.02612671,51.31317,Reference
911NP9UCW_04/20/2016,911NP9UCW,4/20/16,32.81829,-116.49235,32.8184104,-116.49262,TRUE,0,0,0,0,0,0,12.1644,0.1123,0.1123,0.4506667,1.5291,3.9946,0.7311129,2.126278,2.752294,0.7311129,2.126278,2.752294,20325041,31,47,177,255.8571429,364,516.6666667,597.5,597.5,Xeric,Mountain,6,8,596,Perennial,REF-CWC,0,0.2037,0.041059028,-1.967433,124.4309,0.48978,1807,0.28,454,9,NA,754.1158,2.5161,0,6.247033,0.01576667,Upper Cottonwood,1,Perennial,0.0686,0.1481667,0,1,1,0,100,0,0,0,0,55090.9,6.7049,SCx,SC,SCx,9,0.1308582,0.4596376,0.4759594,0.03263333,TRUE,1211,3584.167,2067,292.119,135.1474,0,0.05680896,0.1553714,0,0.05680896,0.1553714,54.5632,Reference
911NP9UCW_05/02/2017,911NP9UCW,5/2/17,32.81829,-116.49235,32.8184104,-116.49262,TRUE,0,0,0,0,0,0,12.1644,0.1123,0.1123,0.4506667,1.5291,3.9946,0.7311129,2.126278,2.752294,0.7311129,2.126278,2.752294,20325041,31,47,177,255.8571429,364,516.6666667,597.5,597.5,Xeric,Mountain,6,8,596,Perennial,REF-CWC,0,0.2037,0.041059028,-1.967433,124.4309,0.48978,1807,0.28,454,9,NA,754.1158,2.5161,0,6.247033,0.01576667,COTTONWOOD CREEK,1,Perennial,0.0686,0.1481667,0,1,1,0,100,0,0,0,0,55090.9,6.7049,SCx,SC,SCx,9,0.1308582,0.4596376,0.4759594,0.03263333,TRUE,1211,3584.167,2067,292.119,135.1474,0,0.05680896,0.1553714,0,0.05680896,0.1553714,54.5632,Reference
911S00858_03/24/2016,911S00858,3/24/16,32.902824,-116.493371,32.9028237,-116.49337,TRUE,0,1,1,0,1,1,8.97999,0.11,0.0316,0.4481,1.5002,3.5936,0.30326,3.627982,3.627982,0.30326,3.627982,3.627982,20326313,27,57,177,255.2857143,355.8333333,483,596.6666667,596.6666667,Xeric,Mountain,6,8,278,Perennial,911S00858,0,0.2174,0.041072917,-1.514,118.2414,0.03982,1773,0.32,586,7.9286,NA,793.5789,2.4171,0,4,0.0146,Indian Creek,2,Intermittent,0.03639,0.1417,0,4,4,0,100,0,0,0,0,58204.9,4.8241,SCx,SC,SCx,9,1.197577,1.190024,1.190024,0.0349,TRUE,1495,3749.289,2010,293.6364,139.0347,0,0.9621167,0.9621167,0,0.9621167,0.9621167,48.0357,Reference
911S01142_04/19/2016,911S01142,4/19/16,32.735477,-116.652682,32.7354777,-116.65268,TRUE,0,0,0,0,0,0,203.1264,0.1079667,0.1079667,0.4456,1.577267,4.671433,0,1.684061,4.057742,0,1.684061,4.057742,20325195,37,113,314.8571429,394,461,635.6363636,774.8571429,774.8571429,Xeric,Xeric,6,85,1326,Perennial,911S01142,0,0.1843,0.041072917,-3.080733,93.17497,3.19543,1906,0.2,1104,7.378667,NA,558.5452,2.2646,0,4.345667,0.00586667,Pine Valley Creek,4,Intermittent,0.0081,0.1617667,0,0,41,0,100,0,0,0,0,37537.5,9.834633,SCx,SC,SCx,9,0,0.05743044,0.8149932,0.0243,TRUE,580,2148.346,2467,323.9438,143.4288,0,0.01976597,1.23354,0,0.01976597,1.241958,44.06533,Intermediate
911TJKC1x_04/19/2016,911TJKC1x,4/19/16,32.76012,-116.45123,32.75859,-116.451,NA,0,0,0,0,0,0,39.042,0.11511986,0.0319312,0.45399258,1.57944685,4.46447716,2.13058419,2.36364785,2.15537114,2.13058419,2.36364785,2.15537114,20325149,31,63,164,258,402.5842697,461,600,600,,Mountain,NA,NA,748,,911TJKC1x,0,0.18055632,0.025895833,-3.13086942,128.1596639,NA,1939,0.47,519,8.36134454,NA,738.505618,2.1106099,0,5.28571429,0.00495696,"Kitchen, down",NA,,NA,0.15897786,0,0,4,0,100,0,0,0,0,44356.80078,10.36655553,SCx,SC,SCx,9,0.77091053,0.8688276,0.88077676,0.0233925,NA,1191,3921.653195,2227,292.122449,142.3619895,0,0.05055931,0.08759797,0,0.05055931,0.08759797,50.49579832,Reference
911TJLCC2_04/20/2016,911TJLCC2,4/20/16,32.77836,-116.44337,32.7784977,-116.4448,TRUE,0,0,0,0,0,0,23.325826,0.1151,0.0319,0.4539,1.5892,4.6204,4.70588235,1.40720418,1.90615836,4.70588235,1.40720418,1.90615836,20325111,25,52,164,258,402.1935484,461,597.5,597.5,Xeric,Mountain,6,8,670,Perennial,R5BIO-6474,0,0.176,0.04105787,-3.4151,127.662,0.50418,1939,0.13,464.3,8.4571,NA,800.8868,2.0946,0,5.3333,0.0046,Long Canyon,2,Perennial,0.05158,0.1621,0,0,1,0,100,0,0,0,0,53131.69922,11.125,SCx,SC,SCx,9,1.4180326,0.50481443,0.63841294,0.0216,TRUE,1269,4038.4421,2037,287.2592,140.6667,0,0.06195239,0.09260688,0,0.06195239,0.09260688,50.8571,Reference
SMC01384_06/14/2016,SMC01384,6/14/16,34.0644,-118.6998,34.0645362,-118.70035,TRUE,0,1,2,0,1,2,275.3965,0.0566,0.0306,0.376,1.5507,12.2102,8.961997,13.57321,13.35015,8.961997,13.56214,13.35015,20365093,128,247,418,713.0625,947.1538462,1163.771084,1169.461538,1000,Xeric,Xeric,6,85,836,Perennial,SMC01384,0,0.2443,0.041074074,-0.4604,50.7517,10.08941,924,0.85,2504,5.4064,0.575,491.8589,5.0936,0,0.0151,0.1001,Malibu Creek,4,Perennial,0.02702,0.1851,0,39,503,63,0,0,63.31983,36,0,45620.7,2.6135,SCx,SC,SCx,4,1.743421,3.461633,4.281593,0.6916,TRUE,88,342.9841,2479,325.4127,79.6232,1,2.145032,12.43914,1,2.156103,12.59795,29.9235,Intermediate
SMC01640_06/14/2016,SMC01640,6/14/16,34.153015,-118.696811,34.1530146,-118.69681,TRUE,0,0,0,0,0,0,23.56388,0.0561,0.0307,0.3765,1.5681,15.4641,11.31131,7.161141,5.637892,11.21121,7.130668,5.637892,20364739,200,370,697.037037,846.8222222,959.9565217,1163.682927,1169.378378,1000,Xeric,Xeric,6,85,456,Perennial,SMC01640,0,0.2754,0.041075231,-0.7395,57.8194,0.48267,693,2.83,3565,5.44,2.4975,469.4815,5.7483,0,0,0.0504,Las Virgenes Creek,3,Intermittent,0.01277,0.1145,12,19,19,100,0,0,100,0,0,44690.3,3.1235,SCx,SC,SCx,4,12.12599,2.954857,2.175726,1.094,TRUE,237,320.6444,2588,335.5555,67.6295,43,6.917357,4.560733,43,6.94783,4.579832,30.16,Stressed